"","modzcta","casecount","week_ending"
"1",10001,2,2020-08-08
"2",10002,30,2020-08-08
"3",10003,4,2020-08-08
"4",10004,0,2020-08-08
"5",10005,2,2020-08-08
"6",10006,0,2020-08-08
"7",10007,1,2020-08-08
"8",10009,11,2020-08-08
"9",10010,7,2020-08-08
"10",10011,5,2020-08-08
"11",10012,9,2020-08-08
"12",10013,6,2020-08-08
"13",10014,1,2020-08-08
"14",10016,10,2020-08-08
"15",10017,1,2020-08-08
"16",10018,1,2020-08-08
"17",10019,12,2020-08-08
"18",10021,3,2020-08-08
"19",10022,5,2020-08-08
"20",10023,9,2020-08-08
"21",10024,4,2020-08-08
"22",10025,6,2020-08-08
"23",10026,3,2020-08-08
"24",10027,10,2020-08-08
"25",10028,8,2020-08-08
"26",10029,22,2020-08-08
"27",10030,6,2020-08-08
"28",10031,11,2020-08-08
"29",10032,21,2020-08-08
"30",10033,14,2020-08-08
"31",10034,16,2020-08-08
"32",10035,5,2020-08-08
"33",10036,3,2020-08-08
"34",10037,3,2020-08-08
"35",10038,3,2020-08-08
"36",10039,8,2020-08-08
"37",10040,14,2020-08-08
"38",10044,0,2020-08-08
"39",10065,3,2020-08-08
"40",10069,2,2020-08-08
"41",10075,5,2020-08-08
"42",10128,4,2020-08-08
"43",10280,1,2020-08-08
"44",10282,1,2020-08-08
"45",10301,11,2020-08-08
"46",10302,6,2020-08-08
"47",10303,5,2020-08-08
"48",10304,7,2020-08-08
"49",10305,7,2020-08-08
"50",10306,7,2020-08-08
"51",10307,1,2020-08-08
"52",10308,3,2020-08-08
"53",10309,3,2020-08-08
"54",10310,6,2020-08-08
"55",10312,10,2020-08-08
"56",10314,17,2020-08-08
"57",10451,30,2020-08-08
"58",10452,34,2020-08-08
"59",10453,32,2020-08-08
"60",10454,11,2020-08-08
"61",10455,14,2020-08-08
"62",10456,25,2020-08-08
"63",10457,18,2020-08-08
"64",10458,36,2020-08-08
"65",10459,9,2020-08-08
"66",10460,26,2020-08-08
"67",10461,9,2020-08-08
"68",10462,21,2020-08-08
"69",10463,13,2020-08-08
"70",10464,1,2020-08-08
"71",10465,6,2020-08-08
"72",10466,15,2020-08-08
"73",10467,30,2020-08-08
"74",10468,24,2020-08-08
"75",10469,8,2020-08-08
"76",10470,1,2020-08-08
"77",10471,6,2020-08-08
"78",10472,13,2020-08-08
"79",10473,14,2020-08-08
"80",10474,2,2020-08-08
"81",10475,12,2020-08-08
"82",11004,5,2020-08-08
"83",11101,2,2020-08-08
"84",11102,6,2020-08-08
"85",11103,7,2020-08-08
"86",11104,4,2020-08-08
"87",11105,4,2020-08-08
"88",11106,14,2020-08-08
"89",11109,2,2020-08-08
"90",11201,12,2020-08-08
"91",11203,8,2020-08-08
"92",11204,22,2020-08-08
"93",11205,9,2020-08-08
"94",11206,10,2020-08-08
"95",11207,20,2020-08-08
"96",11208,23,2020-08-08
"97",11209,19,2020-08-08
"98",11210,10,2020-08-08
"99",11211,21,2020-08-08
"100",11212,9,2020-08-08
"101",11213,10,2020-08-08
"102",11214,17,2020-08-08
"103",11215,13,2020-08-08
"104",11216,7,2020-08-08
"105",11217,7,2020-08-08
"106",11218,10,2020-08-08
"107",11219,14,2020-08-08
"108",11220,39,2020-08-08
"109",11221,17,2020-08-08
"110",11222,10,2020-08-08
"111",11223,15,2020-08-08
"112",11224,5,2020-08-08
"113",11225,5,2020-08-08
"114",11226,10,2020-08-08
"115",11228,7,2020-08-08
"116",11229,18,2020-08-08
"117",11230,19,2020-08-08
"118",11231,6,2020-08-08
"119",11232,19,2020-08-08
"120",11233,13,2020-08-08
"121",11234,24,2020-08-08
"122",11235,21,2020-08-08
"123",11236,17,2020-08-08
"124",11237,17,2020-08-08
"125",11238,6,2020-08-08
"126",11239,7,2020-08-08
"127",11354,14,2020-08-08
"128",11355,16,2020-08-08
"129",11356,13,2020-08-08
"130",11357,11,2020-08-08
"131",11358,6,2020-08-08
"132",11360,3,2020-08-08
"133",11361,3,2020-08-08
"134",11362,4,2020-08-08
"135",11363,2,2020-08-08
"136",11364,4,2020-08-08
"137",11365,5,2020-08-08
"138",11366,5,2020-08-08
"139",11367,5,2020-08-08
"140",11368,31,2020-08-08
"141",11369,6,2020-08-08
"142",11370,5,2020-08-08
"143",11372,19,2020-08-08
"144",11373,14,2020-08-08
"145",11374,13,2020-08-08
"146",11375,23,2020-08-08
"147",11377,12,2020-08-08
"148",11378,7,2020-08-08
"149",11379,3,2020-08-08
"150",11385,14,2020-08-08
"151",11411,2,2020-08-08
"152",11412,9,2020-08-08
"153",11413,6,2020-08-08
"154",11414,3,2020-08-08
"155",11415,1,2020-08-08
"156",11416,6,2020-08-08
"157",11417,10,2020-08-08
"158",11418,7,2020-08-08
"159",11419,7,2020-08-08
"160",11420,4,2020-08-08
"161",11421,7,2020-08-08
"162",11422,1,2020-08-08
"163",11423,4,2020-08-08
"164",11426,1,2020-08-08
"165",11427,1,2020-08-08
"166",11428,2,2020-08-08
"167",11429,4,2020-08-08
"168",11432,14,2020-08-08
"169",11433,7,2020-08-08
"170",11434,6,2020-08-08
"171",11435,12,2020-08-08
"172",11436,2,2020-08-08
"173",11691,22,2020-08-08
"174",11692,6,2020-08-08
"175",11693,0,2020-08-08
"176",11694,5,2020-08-08
"177",11697,2,2020-08-08
"178",10001,3,2020-08-15
"179",10002,8,2020-08-15
"180",10003,4,2020-08-15
"181",10004,0,2020-08-15
"182",10005,5,2020-08-15
"183",10006,0,2020-08-15
"184",10007,1,2020-08-15
"185",10009,5,2020-08-15
"186",10010,13,2020-08-15
"187",10011,6,2020-08-15
"188",10012,6,2020-08-15
"189",10013,5,2020-08-15
"190",10014,2,2020-08-15
"191",10016,8,2020-08-15
"192",10017,0,2020-08-15
"193",10018,1,2020-08-15
"194",10019,5,2020-08-15
"195",10021,4,2020-08-15
"196",10022,3,2020-08-15
"197",10023,9,2020-08-15
"198",10024,14,2020-08-15
"199",10025,13,2020-08-15
"200",10026,10,2020-08-15
"201",10027,5,2020-08-15
"202",10028,3,2020-08-15
"203",10029,19,2020-08-15
"204",10030,3,2020-08-15
"205",10031,13,2020-08-15
"206",10032,17,2020-08-15
"207",10033,18,2020-08-15
"208",10034,10,2020-08-15
"209",10035,5,2020-08-15
"210",10036,6,2020-08-15
"211",10037,7,2020-08-15
"212",10038,3,2020-08-15
"213",10039,12,2020-08-15
"214",10040,14,2020-08-15
"215",10044,1,2020-08-15
"216",10065,2,2020-08-15
"217",10069,1,2020-08-15
"218",10075,5,2020-08-15
"219",10128,6,2020-08-15
"220",10280,0,2020-08-15
"221",10282,0,2020-08-15
"222",10301,10,2020-08-15
"223",10302,6,2020-08-15
"224",10303,8,2020-08-15
"225",10304,11,2020-08-15
"226",10305,14,2020-08-15
"227",10306,13,2020-08-15
"228",10307,3,2020-08-15
"229",10308,1,2020-08-15
"230",10309,7,2020-08-15
"231",10310,8,2020-08-15
"232",10312,12,2020-08-15
"233",10314,21,2020-08-15
"234",10451,15,2020-08-15
"235",10452,30,2020-08-15
"236",10453,40,2020-08-15
"237",10454,16,2020-08-15
"238",10455,24,2020-08-15
"239",10456,23,2020-08-15
"240",10457,19,2020-08-15
"241",10458,25,2020-08-15
"242",10459,8,2020-08-15
"243",10460,15,2020-08-15
"244",10461,8,2020-08-15
"245",10462,31,2020-08-15
"246",10463,16,2020-08-15
"247",10464,1,2020-08-15
"248",10465,8,2020-08-15
"249",10466,23,2020-08-15
"250",10467,28,2020-08-15
"251",10468,34,2020-08-15
"252",10469,13,2020-08-15
"253",10470,4,2020-08-15
"254",10471,4,2020-08-15
"255",10472,18,2020-08-15
"256",10473,20,2020-08-15
"257",10474,2,2020-08-15
"258",10475,12,2020-08-15
"259",11004,4,2020-08-15
"260",11101,8,2020-08-15
"261",11102,5,2020-08-15
"262",11103,9,2020-08-15
"263",11104,6,2020-08-15
"264",11105,6,2020-08-15
"265",11106,8,2020-08-15
"266",11109,0,2020-08-15
"267",11201,2,2020-08-15
"268",11203,5,2020-08-15
"269",11204,37,2020-08-15
"270",11205,8,2020-08-15
"271",11206,17,2020-08-15
"272",11207,14,2020-08-15
"273",11208,24,2020-08-15
"274",11209,21,2020-08-15
"275",11210,18,2020-08-15
"276",11211,7,2020-08-15
"277",11212,11,2020-08-15
"278",11213,13,2020-08-15
"279",11214,25,2020-08-15
"280",11215,4,2020-08-15
"281",11216,8,2020-08-15
"282",11217,11,2020-08-15
"283",11218,15,2020-08-15
"284",11219,21,2020-08-15
"285",11220,71,2020-08-15
"286",11221,21,2020-08-15
"287",11222,7,2020-08-15
"288",11223,22,2020-08-15
"289",11224,9,2020-08-15
"290",11225,13,2020-08-15
"291",11226,24,2020-08-15
"292",11228,9,2020-08-15
"293",11229,22,2020-08-15
"294",11230,10,2020-08-15
"295",11231,8,2020-08-15
"296",11232,9,2020-08-15
"297",11233,10,2020-08-15
"298",11234,15,2020-08-15
"299",11235,24,2020-08-15
"300",11236,13,2020-08-15
"301",11237,9,2020-08-15
"302",11238,7,2020-08-15
"303",11239,2,2020-08-15
"304",11354,5,2020-08-15
"305",11355,13,2020-08-15
"306",11356,5,2020-08-15
"307",11357,14,2020-08-15
"308",11358,2,2020-08-15
"309",11360,0,2020-08-15
"310",11361,5,2020-08-15
"311",11362,3,2020-08-15
"312",11363,3,2020-08-15
"313",11364,4,2020-08-15
"314",11365,8,2020-08-15
"315",11366,3,2020-08-15
"316",11367,7,2020-08-15
"317",11368,14,2020-08-15
"318",11369,7,2020-08-15
"319",11370,10,2020-08-15
"320",11372,10,2020-08-15
"321",11373,28,2020-08-15
"322",11374,13,2020-08-15
"323",11375,22,2020-08-15
"324",11377,12,2020-08-15
"325",11378,7,2020-08-15
"326",11379,6,2020-08-15
"327",11385,14,2020-08-15
"328",11411,2,2020-08-15
"329",11412,6,2020-08-15
"330",11413,4,2020-08-15
"331",11414,8,2020-08-15
"332",11415,4,2020-08-15
"333",11416,7,2020-08-15
"334",11417,8,2020-08-15
"335",11418,6,2020-08-15
"336",11419,11,2020-08-15
"337",11420,10,2020-08-15
"338",11421,13,2020-08-15
"339",11422,2,2020-08-15
"340",11423,7,2020-08-15
"341",11426,2,2020-08-15
"342",11427,1,2020-08-15
"343",11428,3,2020-08-15
"344",11429,3,2020-08-15
"345",11432,27,2020-08-15
"346",11433,12,2020-08-15
"347",11434,11,2020-08-15
"348",11435,14,2020-08-15
"349",11436,2,2020-08-15
"350",11691,15,2020-08-15
"351",11692,6,2020-08-15
"352",11693,1,2020-08-15
"353",11694,4,2020-08-15
"354",11697,0,2020-08-15
"355",10001,3,2020-08-22
"356",10002,16,2020-08-22
"357",10003,10,2020-08-22
"358",10004,1,2020-08-22
"359",10005,3,2020-08-22
"360",10006,0,2020-08-22
"361",10007,0,2020-08-22
"362",10009,10,2020-08-22
"363",10010,7,2020-08-22
"364",10011,13,2020-08-22
"365",10012,2,2020-08-22
"366",10013,2,2020-08-22
"367",10014,4,2020-08-22
"368",10016,11,2020-08-22
"369",10017,2,2020-08-22
"370",10018,1,2020-08-22
"371",10019,4,2020-08-22
"372",10021,3,2020-08-22
"373",10022,5,2020-08-22
"374",10023,7,2020-08-22
"375",10024,5,2020-08-22
"376",10025,12,2020-08-22
"377",10026,16,2020-08-22
"378",10027,13,2020-08-22
"379",10028,9,2020-08-22
"380",10029,23,2020-08-22
"381",10030,4,2020-08-22
"382",10031,15,2020-08-22
"383",10032,14,2020-08-22
"384",10033,18,2020-08-22
"385",10034,15,2020-08-22
"386",10035,10,2020-08-22
"387",10036,6,2020-08-22
"388",10037,8,2020-08-22
"389",10038,6,2020-08-22
"390",10039,9,2020-08-22
"391",10040,12,2020-08-22
"392",10044,2,2020-08-22
"393",10065,8,2020-08-22
"394",10069,1,2020-08-22
"395",10075,1,2020-08-22
"396",10128,4,2020-08-22
"397",10280,0,2020-08-22
"398",10282,1,2020-08-22
"399",10301,5,2020-08-22
"400",10302,1,2020-08-22
"401",10303,1,2020-08-22
"402",10304,14,2020-08-22
"403",10305,7,2020-08-22
"404",10306,10,2020-08-22
"405",10307,2,2020-08-22
"406",10308,12,2020-08-22
"407",10309,5,2020-08-22
"408",10310,3,2020-08-22
"409",10312,9,2020-08-22
"410",10314,24,2020-08-22
"411",10451,23,2020-08-22
"412",10452,29,2020-08-22
"413",10453,33,2020-08-22
"414",10454,8,2020-08-22
"415",10455,11,2020-08-22
"416",10456,22,2020-08-22
"417",10457,24,2020-08-22
"418",10458,27,2020-08-22
"419",10459,17,2020-08-22
"420",10460,18,2020-08-22
"421",10461,8,2020-08-22
"422",10462,29,2020-08-22
"423",10463,15,2020-08-22
"424",10464,0,2020-08-22
"425",10465,7,2020-08-22
"426",10466,15,2020-08-22
"427",10467,14,2020-08-22
"428",10468,19,2020-08-22
"429",10469,15,2020-08-22
"430",10470,5,2020-08-22
"431",10471,3,2020-08-22
"432",10472,18,2020-08-22
"433",10473,12,2020-08-22
"434",10474,2,2020-08-22
"435",10475,6,2020-08-22
"436",11004,0,2020-08-22
"437",11101,8,2020-08-22
"438",11102,9,2020-08-22
"439",11103,13,2020-08-22
"440",11104,3,2020-08-22
"441",11105,8,2020-08-22
"442",11106,5,2020-08-22
"443",11109,2,2020-08-22
"444",11201,10,2020-08-22
"445",11203,8,2020-08-22
"446",11204,28,2020-08-22
"447",11205,6,2020-08-22
"448",11206,13,2020-08-22
"449",11207,6,2020-08-22
"450",11208,25,2020-08-22
"451",11209,17,2020-08-22
"452",11210,18,2020-08-22
"453",11211,17,2020-08-22
"454",11212,9,2020-08-22
"455",11213,10,2020-08-22
"456",11214,13,2020-08-22
"457",11215,8,2020-08-22
"458",11216,3,2020-08-22
"459",11217,7,2020-08-22
"460",11218,14,2020-08-22
"461",11219,34,2020-08-22
"462",11220,28,2020-08-22
"463",11221,12,2020-08-22
"464",11222,4,2020-08-22
"465",11223,12,2020-08-22
"466",11224,8,2020-08-22
"467",11225,7,2020-08-22
"468",11226,18,2020-08-22
"469",11228,9,2020-08-22
"470",11229,16,2020-08-22
"471",11230,28,2020-08-22
"472",11231,1,2020-08-22
"473",11232,5,2020-08-22
"474",11233,7,2020-08-22
"475",11234,19,2020-08-22
"476",11235,17,2020-08-22
"477",11236,13,2020-08-22
"478",11237,11,2020-08-22
"479",11238,8,2020-08-22
"480",11239,2,2020-08-22
"481",11354,5,2020-08-22
"482",11355,15,2020-08-22
"483",11356,7,2020-08-22
"484",11357,12,2020-08-22
"485",11358,4,2020-08-22
"486",11360,3,2020-08-22
"487",11361,4,2020-08-22
"488",11362,2,2020-08-22
"489",11363,1,2020-08-22
"490",11364,5,2020-08-22
"491",11365,6,2020-08-22
"492",11366,5,2020-08-22
"493",11367,11,2020-08-22
"494",11368,30,2020-08-22
"495",11369,5,2020-08-22
"496",11370,11,2020-08-22
"497",11372,23,2020-08-22
"498",11373,19,2020-08-22
"499",11374,7,2020-08-22
"500",11375,25,2020-08-22
"501",11377,12,2020-08-22
"502",11378,5,2020-08-22
"503",11379,7,2020-08-22
"504",11385,18,2020-08-22
"505",11411,1,2020-08-22
"506",11412,3,2020-08-22
"507",11413,5,2020-08-22
"508",11414,6,2020-08-22
"509",11415,4,2020-08-22
"510",11416,9,2020-08-22
"511",11417,6,2020-08-22
"512",11418,5,2020-08-22
"513",11419,9,2020-08-22
"514",11420,19,2020-08-22
"515",11421,9,2020-08-22
"516",11422,9,2020-08-22
"517",11423,8,2020-08-22
"518",11426,3,2020-08-22
"519",11427,5,2020-08-22
"520",11428,4,2020-08-22
"521",11429,2,2020-08-22
"522",11432,20,2020-08-22
"523",11433,6,2020-08-22
"524",11434,9,2020-08-22
"525",11435,12,2020-08-22
"526",11436,2,2020-08-22
"527",11691,26,2020-08-22
"528",11692,4,2020-08-22
"529",11693,0,2020-08-22
"530",11694,7,2020-08-22
"531",11697,1,2020-08-22
"532",10001,2,2020-08-29
"533",10002,8,2020-08-29
"534",10003,11,2020-08-29
"535",10004,0,2020-08-29
"536",10005,2,2020-08-29
"537",10006,2,2020-08-29
"538",10007,1,2020-08-29
"539",10009,7,2020-08-29
"540",10010,9,2020-08-29
"541",10011,7,2020-08-29
"542",10012,4,2020-08-29
"543",10013,2,2020-08-29
"544",10014,4,2020-08-29
"545",10016,15,2020-08-29
"546",10017,2,2020-08-29
"547",10018,0,2020-08-29
"548",10019,8,2020-08-29
"549",10021,7,2020-08-29
"550",10022,5,2020-08-29
"551",10023,1,2020-08-29
"552",10024,3,2020-08-29
"553",10025,16,2020-08-29
"554",10026,5,2020-08-29
"555",10027,9,2020-08-29
"556",10028,5,2020-08-29
"557",10029,18,2020-08-29
"558",10030,7,2020-08-29
"559",10031,19,2020-08-29
"560",10032,20,2020-08-29
"561",10033,12,2020-08-29
"562",10034,12,2020-08-29
"563",10035,5,2020-08-29
"564",10036,4,2020-08-29
"565",10037,5,2020-08-29
"566",10038,13,2020-08-29
"567",10039,3,2020-08-29
"568",10040,20,2020-08-29
"569",10044,1,2020-08-29
"570",10065,4,2020-08-29
"571",10069,2,2020-08-29
"572",10075,3,2020-08-29
"573",10128,6,2020-08-29
"574",10280,0,2020-08-29
"575",10282,1,2020-08-29
"576",10301,11,2020-08-29
"577",10302,4,2020-08-29
"578",10303,7,2020-08-29
"579",10304,8,2020-08-29
"580",10305,9,2020-08-29
"581",10306,10,2020-08-29
"582",10307,1,2020-08-29
"583",10308,3,2020-08-29
"584",10309,2,2020-08-29
"585",10310,10,2020-08-29
"586",10312,11,2020-08-29
"587",10314,19,2020-08-29
"588",10451,9,2020-08-29
"589",10452,27,2020-08-29
"590",10453,33,2020-08-29
"591",10454,9,2020-08-29
"592",10455,16,2020-08-29
"593",10456,27,2020-08-29
"594",10457,16,2020-08-29
"595",10458,24,2020-08-29
"596",10459,17,2020-08-29
"597",10460,15,2020-08-29
"598",10461,19,2020-08-29
"599",10462,26,2020-08-29
"600",10463,22,2020-08-29
"601",10464,0,2020-08-29
"602",10465,11,2020-08-29
"603",10466,10,2020-08-29
"604",10467,23,2020-08-29
"605",10468,35,2020-08-29
"606",10469,14,2020-08-29
"607",10470,4,2020-08-29
"608",10471,7,2020-08-29
"609",10472,20,2020-08-29
"610",10473,17,2020-08-29
"611",10474,2,2020-08-29
"612",10475,5,2020-08-29
"613",11004,0,2020-08-29
"614",11101,12,2020-08-29
"615",11102,5,2020-08-29
"616",11103,6,2020-08-29
"617",11104,6,2020-08-29
"618",11105,14,2020-08-29
"619",11106,4,2020-08-29
"620",11109,0,2020-08-29
"621",11201,14,2020-08-29
"622",11203,17,2020-08-29
"623",11204,26,2020-08-29
"624",11205,14,2020-08-29
"625",11206,14,2020-08-29
"626",11207,13,2020-08-29
"627",11208,25,2020-08-29
"628",11209,23,2020-08-29
"629",11210,26,2020-08-29
"630",11211,21,2020-08-29
"631",11212,13,2020-08-29
"632",11213,14,2020-08-29
"633",11214,16,2020-08-29
"634",11215,9,2020-08-29
"635",11216,10,2020-08-29
"636",11217,8,2020-08-29
"637",11218,21,2020-08-29
"638",11219,33,2020-08-29
"639",11220,20,2020-08-29
"640",11221,17,2020-08-29
"641",11222,3,2020-08-29
"642",11223,11,2020-08-29
"643",11224,9,2020-08-29
"644",11225,11,2020-08-29
"645",11226,23,2020-08-29
"646",11228,8,2020-08-29
"647",11229,27,2020-08-29
"648",11230,48,2020-08-29
"649",11231,7,2020-08-29
"650",11232,5,2020-08-29
"651",11233,9,2020-08-29
"652",11234,22,2020-08-29
"653",11235,18,2020-08-29
"654",11236,14,2020-08-29
"655",11237,5,2020-08-29
"656",11238,9,2020-08-29
"657",11239,4,2020-08-29
"658",11354,11,2020-08-29
"659",11355,9,2020-08-29
"660",11356,4,2020-08-29
"661",11357,6,2020-08-29
"662",11358,0,2020-08-29
"663",11360,9,2020-08-29
"664",11361,4,2020-08-29
"665",11362,2,2020-08-29
"666",11363,0,2020-08-29
"667",11364,4,2020-08-29
"668",11365,5,2020-08-29
"669",11366,2,2020-08-29
"670",11367,12,2020-08-29
"671",11368,22,2020-08-29
"672",11369,4,2020-08-29
"673",11370,7,2020-08-29
"674",11372,18,2020-08-29
"675",11373,10,2020-08-29
"676",11374,12,2020-08-29
"677",11375,26,2020-08-29
"678",11377,6,2020-08-29
"679",11378,4,2020-08-29
"680",11379,3,2020-08-29
"681",11385,15,2020-08-29
"682",11411,2,2020-08-29
"683",11412,3,2020-08-29
"684",11413,3,2020-08-29
"685",11414,5,2020-08-29
"686",11415,6,2020-08-29
"687",11416,7,2020-08-29
"688",11417,2,2020-08-29
"689",11418,5,2020-08-29
"690",11419,8,2020-08-29
"691",11420,12,2020-08-29
"692",11421,5,2020-08-29
"693",11422,4,2020-08-29
"694",11423,8,2020-08-29
"695",11426,2,2020-08-29
"696",11427,3,2020-08-29
"697",11428,3,2020-08-29
"698",11429,5,2020-08-29
"699",11432,12,2020-08-29
"700",11433,5,2020-08-29
"701",11434,11,2020-08-29
"702",11435,12,2020-08-29
"703",11436,2,2020-08-29
"704",11691,42,2020-08-29
"705",11692,1,2020-08-29
"706",11693,2,2020-08-29
"707",11694,3,2020-08-29
"708",11697,1,2020-08-29
"709",10001,8,2020-09-05
"710",10002,6,2020-09-05
"711",10003,11,2020-09-05
"712",10004,2,2020-09-05
"713",10005,4,2020-09-05
"714",10006,5,2020-09-05
"715",10007,1,2020-09-05
"716",10009,8,2020-09-05
"717",10010,5,2020-09-05
"718",10011,11,2020-09-05
"719",10012,7,2020-09-05
"720",10013,4,2020-09-05
"721",10014,1,2020-09-05
"722",10016,8,2020-09-05
"723",10017,0,2020-09-05
"724",10018,0,2020-09-05
"725",10019,5,2020-09-05
"726",10021,9,2020-09-05
"727",10022,3,2020-09-05
"728",10023,6,2020-09-05
"729",10024,6,2020-09-05
"730",10025,13,2020-09-05
"731",10026,11,2020-09-05
"732",10027,14,2020-09-05
"733",10028,6,2020-09-05
"734",10029,10,2020-09-05
"735",10030,4,2020-09-05
"736",10031,11,2020-09-05
"737",10032,15,2020-09-05
"738",10033,15,2020-09-05
"739",10034,9,2020-09-05
"740",10035,4,2020-09-05
"741",10036,4,2020-09-05
"742",10037,8,2020-09-05
"743",10038,8,2020-09-05
"744",10039,2,2020-09-05
"745",10040,8,2020-09-05
"746",10044,1,2020-09-05
"747",10065,4,2020-09-05
"748",10069,0,2020-09-05
"749",10075,6,2020-09-05
"750",10128,10,2020-09-05
"751",10280,0,2020-09-05
"752",10282,1,2020-09-05
"753",10301,11,2020-09-05
"754",10302,1,2020-09-05
"755",10303,5,2020-09-05
"756",10304,17,2020-09-05
"757",10305,8,2020-09-05
"758",10306,19,2020-09-05
"759",10307,3,2020-09-05
"760",10308,12,2020-09-05
"761",10309,20,2020-09-05
"762",10310,10,2020-09-05
"763",10312,11,2020-09-05
"764",10314,38,2020-09-05
"765",10451,11,2020-09-05
"766",10452,21,2020-09-05
"767",10453,15,2020-09-05
"768",10454,5,2020-09-05
"769",10455,9,2020-09-05
"770",10456,17,2020-09-05
"771",10457,19,2020-09-05
"772",10458,7,2020-09-05
"773",10459,14,2020-09-05
"774",10460,13,2020-09-05
"775",10461,19,2020-09-05
"776",10462,15,2020-09-05
"777",10463,24,2020-09-05
"778",10464,0,2020-09-05
"779",10465,10,2020-09-05
"780",10466,14,2020-09-05
"781",10467,26,2020-09-05
"782",10468,12,2020-09-05
"783",10469,8,2020-09-05
"784",10470,8,2020-09-05
"785",10471,8,2020-09-05
"786",10472,7,2020-09-05
"787",10473,9,2020-09-05
"788",10474,0,2020-09-05
"789",10475,11,2020-09-05
"790",11004,3,2020-09-05
"791",11101,7,2020-09-05
"792",11102,8,2020-09-05
"793",11103,12,2020-09-05
"794",11104,4,2020-09-05
"795",11105,10,2020-09-05
"796",11106,8,2020-09-05
"797",11109,0,2020-09-05
"798",11201,3,2020-09-05
"799",11203,12,2020-09-05
"800",11204,38,2020-09-05
"801",11205,3,2020-09-05
"802",11206,16,2020-09-05
"803",11207,21,2020-09-05
"804",11208,26,2020-09-05
"805",11209,17,2020-09-05
"806",11210,29,2020-09-05
"807",11211,17,2020-09-05
"808",11212,5,2020-09-05
"809",11213,23,2020-09-05
"810",11214,28,2020-09-05
"811",11215,6,2020-09-05
"812",11216,7,2020-09-05
"813",11217,5,2020-09-05
"814",11218,16,2020-09-05
"815",11219,40,2020-09-05
"816",11220,21,2020-09-05
"817",11221,19,2020-09-05
"818",11222,5,2020-09-05
"819",11223,39,2020-09-05
"820",11224,14,2020-09-05
"821",11225,9,2020-09-05
"822",11226,11,2020-09-05
"823",11228,6,2020-09-05
"824",11229,30,2020-09-05
"825",11230,60,2020-09-05
"826",11231,6,2020-09-05
"827",11232,4,2020-09-05
"828",11233,9,2020-09-05
"829",11234,38,2020-09-05
"830",11235,12,2020-09-05
"831",11236,20,2020-09-05
"832",11237,6,2020-09-05
"833",11238,10,2020-09-05
"834",11239,1,2020-09-05
"835",11354,13,2020-09-05
"836",11355,13,2020-09-05
"837",11356,6,2020-09-05
"838",11357,9,2020-09-05
"839",11358,5,2020-09-05
"840",11360,3,2020-09-05
"841",11361,5,2020-09-05
"842",11362,2,2020-09-05
"843",11363,1,2020-09-05
"844",11364,3,2020-09-05
"845",11365,9,2020-09-05
"846",11366,6,2020-09-05
"847",11367,14,2020-09-05
"848",11368,21,2020-09-05
"849",11369,6,2020-09-05
"850",11370,5,2020-09-05
"851",11372,11,2020-09-05
"852",11373,13,2020-09-05
"853",11374,22,2020-09-05
"854",11375,14,2020-09-05
"855",11377,15,2020-09-05
"856",11378,11,2020-09-05
"857",11379,8,2020-09-05
"858",11385,27,2020-09-05
"859",11411,1,2020-09-05
"860",11412,1,2020-09-05
"861",11413,8,2020-09-05
"862",11414,3,2020-09-05
"863",11415,9,2020-09-05
"864",11416,4,2020-09-05
"865",11417,1,2020-09-05
"866",11418,8,2020-09-05
"867",11419,12,2020-09-05
"868",11420,12,2020-09-05
"869",11421,7,2020-09-05
"870",11422,2,2020-09-05
"871",11423,6,2020-09-05
"872",11426,7,2020-09-05
"873",11427,3,2020-09-05
"874",11428,0,2020-09-05
"875",11429,1,2020-09-05
"876",11432,8,2020-09-05
"877",11433,6,2020-09-05
"878",11434,8,2020-09-05
"879",11435,13,2020-09-05
"880",11436,2,2020-09-05
"881",11691,34,2020-09-05
"882",11692,3,2020-09-05
"883",11693,1,2020-09-05
"884",11694,3,2020-09-05
"885",11697,3,2020-09-05
"886",10001,10,2020-09-12
"887",10002,5,2020-09-12
"888",10003,29,2020-09-12
"889",10004,0,2020-09-12
"890",10005,2,2020-09-12
"891",10006,0,2020-09-12
"892",10007,2,2020-09-12
"893",10009,25,2020-09-12
"894",10010,8,2020-09-12
"895",10011,8,2020-09-12
"896",10012,10,2020-09-12
"897",10013,9,2020-09-12
"898",10014,7,2020-09-12
"899",10016,11,2020-09-12
"900",10017,0,2020-09-12
"901",10018,3,2020-09-12
"902",10019,12,2020-09-12
"903",10021,14,2020-09-12
"904",10022,12,2020-09-12
"905",10023,5,2020-09-12
"906",10024,6,2020-09-12
"907",10025,30,2020-09-12
"908",10026,7,2020-09-12
"909",10027,17,2020-09-12
"910",10028,9,2020-09-12
"911",10029,15,2020-09-12
"912",10030,8,2020-09-12
"913",10031,11,2020-09-12
"914",10032,15,2020-09-12
"915",10033,7,2020-09-12
"916",10034,6,2020-09-12
"917",10035,8,2020-09-12
"918",10036,7,2020-09-12
"919",10037,4,2020-09-12
"920",10038,8,2020-09-12
"921",10039,0,2020-09-12
"922",10040,13,2020-09-12
"923",10044,1,2020-09-12
"924",10065,8,2020-09-12
"925",10069,0,2020-09-12
"926",10075,5,2020-09-12
"927",10128,6,2020-09-12
"928",10280,0,2020-09-12
"929",10282,0,2020-09-12
"930",10301,4,2020-09-12
"931",10302,5,2020-09-12
"932",10303,3,2020-09-12
"933",10304,11,2020-09-12
"934",10305,10,2020-09-12
"935",10306,16,2020-09-12
"936",10307,7,2020-09-12
"937",10308,10,2020-09-12
"938",10309,18,2020-09-12
"939",10310,11,2020-09-12
"940",10312,29,2020-09-12
"941",10314,26,2020-09-12
"942",10451,16,2020-09-12
"943",10452,43,2020-09-12
"944",10453,22,2020-09-12
"945",10454,5,2020-09-12
"946",10455,6,2020-09-12
"947",10456,28,2020-09-12
"948",10457,16,2020-09-12
"949",10458,9,2020-09-12
"950",10459,19,2020-09-12
"951",10460,15,2020-09-12
"952",10461,9,2020-09-12
"953",10462,19,2020-09-12
"954",10463,16,2020-09-12
"955",10464,0,2020-09-12
"956",10465,10,2020-09-12
"957",10466,18,2020-09-12
"958",10467,23,2020-09-12
"959",10468,20,2020-09-12
"960",10469,7,2020-09-12
"961",10470,4,2020-09-12
"962",10471,2,2020-09-12
"963",10472,22,2020-09-12
"964",10473,10,2020-09-12
"965",10474,2,2020-09-12
"966",10475,10,2020-09-12
"967",11004,5,2020-09-12
"968",11101,5,2020-09-12
"969",11102,9,2020-09-12
"970",11103,22,2020-09-12
"971",11104,1,2020-09-12
"972",11105,12,2020-09-12
"973",11106,7,2020-09-12
"974",11109,0,2020-09-12
"975",11201,7,2020-09-12
"976",11203,12,2020-09-12
"977",11204,25,2020-09-12
"978",11205,6,2020-09-12
"979",11206,21,2020-09-12
"980",11207,25,2020-09-12
"981",11208,43,2020-09-12
"982",11209,15,2020-09-12
"983",11210,35,2020-09-12
"984",11211,34,2020-09-12
"985",11212,6,2020-09-12
"986",11213,10,2020-09-12
"987",11214,23,2020-09-12
"988",11215,7,2020-09-12
"989",11216,12,2020-09-12
"990",11217,2,2020-09-12
"991",11218,22,2020-09-12
"992",11219,27,2020-09-12
"993",11220,12,2020-09-12
"994",11221,15,2020-09-12
"995",11222,9,2020-09-12
"996",11223,90,2020-09-12
"997",11224,8,2020-09-12
"998",11225,13,2020-09-12
"999",11226,13,2020-09-12
"1000",11228,4,2020-09-12
"1001",11229,37,2020-09-12
"1002",11230,101,2020-09-12
"1003",11231,5,2020-09-12
"1004",11232,8,2020-09-12
"1005",11233,10,2020-09-12
"1006",11234,25,2020-09-12
"1007",11235,25,2020-09-12
"1008",11236,8,2020-09-12
"1009",11237,3,2020-09-12
"1010",11238,10,2020-09-12
"1011",11239,2,2020-09-12
"1012",11354,6,2020-09-12
"1013",11355,3,2020-09-12
"1014",11356,5,2020-09-12
"1015",11357,5,2020-09-12
"1016",11358,4,2020-09-12
"1017",11360,2,2020-09-12
"1018",11361,3,2020-09-12
"1019",11362,0,2020-09-12
"1020",11363,1,2020-09-12
"1021",11364,8,2020-09-12
"1022",11365,21,2020-09-12
"1023",11366,8,2020-09-12
"1024",11367,17,2020-09-12
"1025",11368,32,2020-09-12
"1026",11369,9,2020-09-12
"1027",11370,6,2020-09-12
"1028",11372,7,2020-09-12
"1029",11373,13,2020-09-12
"1030",11374,25,2020-09-12
"1031",11375,29,2020-09-12
"1032",11377,22,2020-09-12
"1033",11378,12,2020-09-12
"1034",11379,5,2020-09-12
"1035",11385,15,2020-09-12
"1036",11411,3,2020-09-12
"1037",11412,6,2020-09-12
"1038",11413,8,2020-09-12
"1039",11414,11,2020-09-12
"1040",11415,18,2020-09-12
"1041",11416,6,2020-09-12
"1042",11417,1,2020-09-12
"1043",11418,12,2020-09-12
"1044",11419,6,2020-09-12
"1045",11420,5,2020-09-12
"1046",11421,9,2020-09-12
"1047",11422,3,2020-09-12
"1048",11423,5,2020-09-12
"1049",11426,5,2020-09-12
"1050",11427,7,2020-09-12
"1051",11428,3,2020-09-12
"1052",11429,9,2020-09-12
"1053",11432,20,2020-09-12
"1054",11433,3,2020-09-12
"1055",11434,9,2020-09-12
"1056",11435,14,2020-09-12
"1057",11436,5,2020-09-12
"1058",11691,46,2020-09-12
"1059",11692,4,2020-09-12
"1060",11693,0,2020-09-12
"1061",11694,6,2020-09-12
"1062",11697,2,2020-09-12
"1063",10001,6,2020-09-19
"1064",10002,17,2020-09-19
"1065",10003,34,2020-09-19
"1066",10004,2,2020-09-19
"1067",10005,7,2020-09-19
"1068",10006,1,2020-09-19
"1069",10007,3,2020-09-19
"1070",10009,22,2020-09-19
"1071",10010,6,2020-09-19
"1072",10011,12,2020-09-19
"1073",10012,12,2020-09-19
"1074",10013,6,2020-09-19
"1075",10014,12,2020-09-19
"1076",10016,18,2020-09-19
"1077",10017,2,2020-09-19
"1078",10018,7,2020-09-19
"1079",10019,20,2020-09-19
"1080",10021,23,2020-09-19
"1081",10022,5,2020-09-19
"1082",10023,23,2020-09-19
"1083",10024,17,2020-09-19
"1084",10025,19,2020-09-19
"1085",10026,8,2020-09-19
"1086",10027,14,2020-09-19
"1087",10028,5,2020-09-19
"1088",10029,18,2020-09-19
"1089",10030,3,2020-09-19
"1090",10031,21,2020-09-19
"1091",10032,11,2020-09-19
"1092",10033,22,2020-09-19
"1093",10034,6,2020-09-19
"1094",10035,3,2020-09-19
"1095",10036,11,2020-09-19
"1096",10037,3,2020-09-19
"1097",10038,10,2020-09-19
"1098",10039,5,2020-09-19
"1099",10040,10,2020-09-19
"1100",10044,2,2020-09-19
"1101",10065,14,2020-09-19
"1102",10069,2,2020-09-19
"1103",10075,7,2020-09-19
"1104",10128,14,2020-09-19
"1105",10280,2,2020-09-19
"1106",10282,3,2020-09-19
"1107",10301,8,2020-09-19
"1108",10302,5,2020-09-19
"1109",10303,2,2020-09-19
"1110",10304,15,2020-09-19
"1111",10305,17,2020-09-19
"1112",10306,19,2020-09-19
"1113",10307,1,2020-09-19
"1114",10308,10,2020-09-19
"1115",10309,4,2020-09-19
"1116",10310,11,2020-09-19
"1117",10312,22,2020-09-19
"1118",10314,30,2020-09-19
"1119",10451,18,2020-09-19
"1120",10452,27,2020-09-19
"1121",10453,26,2020-09-19
"1122",10454,8,2020-09-19
"1123",10455,8,2020-09-19
"1124",10456,17,2020-09-19
"1125",10457,12,2020-09-19
"1126",10458,39,2020-09-19
"1127",10459,22,2020-09-19
"1128",10460,15,2020-09-19
"1129",10461,12,2020-09-19
"1130",10462,24,2020-09-19
"1131",10463,15,2020-09-19
"1132",10464,0,2020-09-19
"1133",10465,4,2020-09-19
"1134",10466,12,2020-09-19
"1135",10467,21,2020-09-19
"1136",10468,30,2020-09-19
"1137",10469,12,2020-09-19
"1138",10470,5,2020-09-19
"1139",10471,5,2020-09-19
"1140",10472,14,2020-09-19
"1141",10473,17,2020-09-19
"1142",10474,3,2020-09-19
"1143",10475,9,2020-09-19
"1144",11004,6,2020-09-19
"1145",11101,10,2020-09-19
"1146",11102,8,2020-09-19
"1147",11103,10,2020-09-19
"1148",11104,4,2020-09-19
"1149",11105,4,2020-09-19
"1150",11106,19,2020-09-19
"1151",11109,1,2020-09-19
"1152",11201,22,2020-09-19
"1153",11203,9,2020-09-19
"1154",11204,51,2020-09-19
"1155",11205,19,2020-09-19
"1156",11206,33,2020-09-19
"1157",11207,13,2020-09-19
"1158",11208,10,2020-09-19
"1159",11209,14,2020-09-19
"1160",11210,45,2020-09-19
"1161",11211,70,2020-09-19
"1162",11212,8,2020-09-19
"1163",11213,38,2020-09-19
"1164",11214,24,2020-09-19
"1165",11215,11,2020-09-19
"1166",11216,7,2020-09-19
"1167",11217,8,2020-09-19
"1168",11218,43,2020-09-19
"1169",11219,55,2020-09-19
"1170",11220,12,2020-09-19
"1171",11221,7,2020-09-19
"1172",11222,22,2020-09-19
"1173",11223,151,2020-09-19
"1174",11224,9,2020-09-19
"1175",11225,15,2020-09-19
"1176",11226,22,2020-09-19
"1177",11228,12,2020-09-19
"1178",11229,60,2020-09-19
"1179",11230,105,2020-09-19
"1180",11231,4,2020-09-19
"1181",11232,10,2020-09-19
"1182",11233,10,2020-09-19
"1183",11234,35,2020-09-19
"1184",11235,37,2020-09-19
"1185",11236,13,2020-09-19
"1186",11237,9,2020-09-19
"1187",11238,18,2020-09-19
"1188",11239,0,2020-09-19
"1189",11354,9,2020-09-19
"1190",11355,13,2020-09-19
"1191",11356,8,2020-09-19
"1192",11357,4,2020-09-19
"1193",11358,4,2020-09-19
"1194",11360,6,2020-09-19
"1195",11361,0,2020-09-19
"1196",11362,6,2020-09-19
"1197",11363,1,2020-09-19
"1198",11364,1,2020-09-19
"1199",11365,13,2020-09-19
"1200",11366,8,2020-09-19
"1201",11367,22,2020-09-19
"1202",11368,18,2020-09-19
"1203",11369,14,2020-09-19
"1204",11370,4,2020-09-19
"1205",11372,11,2020-09-19
"1206",11373,30,2020-09-19
"1207",11374,26,2020-09-19
"1208",11375,27,2020-09-19
"1209",11377,8,2020-09-19
"1210",11378,7,2020-09-19
"1211",11379,17,2020-09-19
"1212",11385,16,2020-09-19
"1213",11411,4,2020-09-19
"1214",11412,6,2020-09-19
"1215",11413,5,2020-09-19
"1216",11414,20,2020-09-19
"1217",11415,14,2020-09-19
"1218",11416,8,2020-09-19
"1219",11417,8,2020-09-19
"1220",11418,8,2020-09-19
"1221",11419,6,2020-09-19
"1222",11420,7,2020-09-19
"1223",11421,9,2020-09-19
"1224",11422,6,2020-09-19
"1225",11423,9,2020-09-19
"1226",11426,8,2020-09-19
"1227",11427,6,2020-09-19
"1228",11428,2,2020-09-19
"1229",11429,4,2020-09-19
"1230",11432,44,2020-09-19
"1231",11433,14,2020-09-19
"1232",11434,7,2020-09-19
"1233",11435,24,2020-09-19
"1234",11436,2,2020-09-19
"1235",11691,70,2020-09-19
"1236",11692,2,2020-09-19
"1237",11693,2,2020-09-19
"1238",11694,1,2020-09-19
"1239",11697,3,2020-09-19
"1240",10001,3,2020-09-26
"1241",10002,19,2020-09-26
"1242",10003,32,2020-09-26
"1243",10004,4,2020-09-26
"1244",10005,3,2020-09-26
"1245",10006,2,2020-09-26
"1246",10007,3,2020-09-26
"1247",10009,19,2020-09-26
"1248",10010,6,2020-09-26
"1249",10011,17,2020-09-26
"1250",10012,15,2020-09-26
"1251",10013,11,2020-09-26
"1252",10014,16,2020-09-26
"1253",10016,26,2020-09-26
"1254",10017,7,2020-09-26
"1255",10018,6,2020-09-26
"1256",10019,19,2020-09-26
"1257",10021,10,2020-09-26
"1258",10022,4,2020-09-26
"1259",10023,29,2020-09-26
"1260",10024,18,2020-09-26
"1261",10025,29,2020-09-26
"1262",10026,13,2020-09-26
"1263",10027,16,2020-09-26
"1264",10028,10,2020-09-26
"1265",10029,17,2020-09-26
"1266",10030,4,2020-09-26
"1267",10031,13,2020-09-26
"1268",10032,13,2020-09-26
"1269",10033,21,2020-09-26
"1270",10034,9,2020-09-26
"1271",10035,2,2020-09-26
"1272",10036,17,2020-09-26
"1273",10037,3,2020-09-26
"1274",10038,13,2020-09-26
"1275",10039,6,2020-09-26
"1276",10040,12,2020-09-26
"1277",10044,3,2020-09-26
"1278",10065,15,2020-09-26
"1279",10069,2,2020-09-26
"1280",10075,8,2020-09-26
"1281",10128,11,2020-09-26
"1282",10280,4,2020-09-26
"1283",10282,2,2020-09-26
"1284",10301,15,2020-09-26
"1285",10302,5,2020-09-26
"1286",10303,9,2020-09-26
"1287",10304,11,2020-09-26
"1288",10305,21,2020-09-26
"1289",10306,32,2020-09-26
"1290",10307,8,2020-09-26
"1291",10308,16,2020-09-26
"1292",10309,15,2020-09-26
"1293",10310,14,2020-09-26
"1294",10312,26,2020-09-26
"1295",10314,39,2020-09-26
"1296",10451,11,2020-09-26
"1297",10452,31,2020-09-26
"1298",10453,23,2020-09-26
"1299",10454,2,2020-09-26
"1300",10455,17,2020-09-26
"1301",10456,28,2020-09-26
"1302",10457,13,2020-09-26
"1303",10458,34,2020-09-26
"1304",10459,16,2020-09-26
"1305",10460,22,2020-09-26
"1306",10461,19,2020-09-26
"1307",10462,36,2020-09-26
"1308",10463,22,2020-09-26
"1309",10464,1,2020-09-26
"1310",10465,9,2020-09-26
"1311",10466,12,2020-09-26
"1312",10467,36,2020-09-26
"1313",10468,54,2020-09-26
"1314",10469,15,2020-09-26
"1315",10470,5,2020-09-26
"1316",10471,6,2020-09-26
"1317",10472,21,2020-09-26
"1318",10473,18,2020-09-26
"1319",10474,1,2020-09-26
"1320",10475,17,2020-09-26
"1321",11004,1,2020-09-26
"1322",11101,16,2020-09-26
"1323",11102,13,2020-09-26
"1324",11103,14,2020-09-26
"1325",11104,4,2020-09-26
"1326",11105,5,2020-09-26
"1327",11106,11,2020-09-26
"1328",11109,3,2020-09-26
"1329",11201,20,2020-09-26
"1330",11203,22,2020-09-26
"1331",11204,101,2020-09-26
"1332",11205,28,2020-09-26
"1333",11206,38,2020-09-26
"1334",11207,30,2020-09-26
"1335",11208,26,2020-09-26
"1336",11209,26,2020-09-26
"1337",11210,101,2020-09-26
"1338",11211,85,2020-09-26
"1339",11212,28,2020-09-26
"1340",11213,41,2020-09-26
"1341",11214,17,2020-09-26
"1342",11215,4,2020-09-26
"1343",11216,14,2020-09-26
"1344",11217,9,2020-09-26
"1345",11218,44,2020-09-26
"1346",11219,113,2020-09-26
"1347",11220,12,2020-09-26
"1348",11221,23,2020-09-26
"1349",11222,23,2020-09-26
"1350",11223,155,2020-09-26
"1351",11224,7,2020-09-26
"1352",11225,18,2020-09-26
"1353",11226,23,2020-09-26
"1354",11228,13,2020-09-26
"1355",11229,97,2020-09-26
"1356",11230,167,2020-09-26
"1357",11231,7,2020-09-26
"1358",11232,2,2020-09-26
"1359",11233,25,2020-09-26
"1360",11234,55,2020-09-26
"1361",11235,73,2020-09-26
"1362",11236,17,2020-09-26
"1363",11237,30,2020-09-26
"1364",11238,19,2020-09-26
"1365",11239,1,2020-09-26
"1366",11354,12,2020-09-26
"1367",11355,13,2020-09-26
"1368",11356,7,2020-09-26
"1369",11357,3,2020-09-26
"1370",11358,13,2020-09-26
"1371",11360,1,2020-09-26
"1372",11361,6,2020-09-26
"1373",11362,3,2020-09-26
"1374",11363,0,2020-09-26
"1375",11364,5,2020-09-26
"1376",11365,17,2020-09-26
"1377",11366,8,2020-09-26
"1378",11367,40,2020-09-26
"1379",11368,32,2020-09-26
"1380",11369,14,2020-09-26
"1381",11370,6,2020-09-26
"1382",11372,13,2020-09-26
"1383",11373,34,2020-09-26
"1384",11374,35,2020-09-26
"1385",11375,34,2020-09-26
"1386",11377,23,2020-09-26
"1387",11378,11,2020-09-26
"1388",11379,10,2020-09-26
"1389",11385,20,2020-09-26
"1390",11411,7,2020-09-26
"1391",11412,4,2020-09-26
"1392",11413,4,2020-09-26
"1393",11414,21,2020-09-26
"1394",11415,12,2020-09-26
"1395",11416,10,2020-09-26
"1396",11417,7,2020-09-26
"1397",11418,11,2020-09-26
"1398",11419,8,2020-09-26
"1399",11420,13,2020-09-26
"1400",11421,18,2020-09-26
"1401",11422,4,2020-09-26
"1402",11423,10,2020-09-26
"1403",11426,4,2020-09-26
"1404",11427,6,2020-09-26
"1405",11428,1,2020-09-26
"1406",11429,3,2020-09-26
"1407",11432,32,2020-09-26
"1408",11433,10,2020-09-26
"1409",11434,13,2020-09-26
"1410",11435,16,2020-09-26
"1411",11436,5,2020-09-26
"1412",11691,72,2020-09-26
"1413",11692,4,2020-09-26
"1414",11693,1,2020-09-26
"1415",11694,5,2020-09-26
"1416",11697,0,2020-09-26
"1417",10001,8,2020-10-03
"1418",10002,15,2020-10-03
"1419",10003,31,2020-10-03
"1420",10004,1,2020-10-03
"1421",10005,3,2020-10-03
"1422",10006,2,2020-10-03
"1423",10007,2,2020-10-03
"1424",10009,11,2020-10-03
"1425",10010,13,2020-10-03
"1426",10011,17,2020-10-03
"1427",10012,14,2020-10-03
"1428",10013,11,2020-10-03
"1429",10014,17,2020-10-03
"1430",10016,24,2020-10-03
"1431",10017,5,2020-10-03
"1432",10018,6,2020-10-03
"1433",10019,13,2020-10-03
"1434",10021,9,2020-10-03
"1435",10022,6,2020-10-03
"1436",10023,20,2020-10-03
"1437",10024,17,2020-10-03
"1438",10025,30,2020-10-03
"1439",10026,13,2020-10-03
"1440",10027,11,2020-10-03
"1441",10028,21,2020-10-03
"1442",10029,19,2020-10-03
"1443",10030,14,2020-10-03
"1444",10031,27,2020-10-03
"1445",10032,39,2020-10-03
"1446",10033,26,2020-10-03
"1447",10034,6,2020-10-03
"1448",10035,16,2020-10-03
"1449",10036,6,2020-10-03
"1450",10037,4,2020-10-03
"1451",10038,7,2020-10-03
"1452",10039,11,2020-10-03
"1453",10040,24,2020-10-03
"1454",10044,1,2020-10-03
"1455",10065,9,2020-10-03
"1456",10069,2,2020-10-03
"1457",10075,13,2020-10-03
"1458",10128,13,2020-10-03
"1459",10280,3,2020-10-03
"1460",10282,1,2020-10-03
"1461",10301,24,2020-10-03
"1462",10302,8,2020-10-03
"1463",10303,4,2020-10-03
"1464",10304,22,2020-10-03
"1465",10305,14,2020-10-03
"1466",10306,13,2020-10-03
"1467",10307,19,2020-10-03
"1468",10308,22,2020-10-03
"1469",10309,22,2020-10-03
"1470",10310,25,2020-10-03
"1471",10312,35,2020-10-03
"1472",10314,40,2020-10-03
"1473",10451,20,2020-10-03
"1474",10452,33,2020-10-03
"1475",10453,38,2020-10-03
"1476",10454,3,2020-10-03
"1477",10455,14,2020-10-03
"1478",10456,22,2020-10-03
"1479",10457,18,2020-10-03
"1480",10458,21,2020-10-03
"1481",10459,15,2020-10-03
"1482",10460,15,2020-10-03
"1483",10461,22,2020-10-03
"1484",10462,24,2020-10-03
"1485",10463,23,2020-10-03
"1486",10464,2,2020-10-03
"1487",10465,27,2020-10-03
"1488",10466,21,2020-10-03
"1489",10467,35,2020-10-03
"1490",10468,30,2020-10-03
"1491",10469,20,2020-10-03
"1492",10470,9,2020-10-03
"1493",10471,7,2020-10-03
"1494",10472,19,2020-10-03
"1495",10473,16,2020-10-03
"1496",10474,2,2020-10-03
"1497",10475,7,2020-10-03
"1498",11004,2,2020-10-03
"1499",11101,15,2020-10-03
"1500",11102,30,2020-10-03
"1501",11103,17,2020-10-03
"1502",11104,6,2020-10-03
"1503",11105,12,2020-10-03
"1504",11106,12,2020-10-03
"1505",11109,1,2020-10-03
"1506",11201,12,2020-10-03
"1507",11203,16,2020-10-03
"1508",11204,87,2020-10-03
"1509",11205,19,2020-10-03
"1510",11206,39,2020-10-03
"1511",11207,32,2020-10-03
"1512",11208,39,2020-10-03
"1513",11209,27,2020-10-03
"1514",11210,120,2020-10-03
"1515",11211,100,2020-10-03
"1516",11212,24,2020-10-03
"1517",11213,37,2020-10-03
"1518",11214,29,2020-10-03
"1519",11215,10,2020-10-03
"1520",11216,21,2020-10-03
"1521",11217,19,2020-10-03
"1522",11218,76,2020-10-03
"1523",11219,152,2020-10-03
"1524",11220,39,2020-10-03
"1525",11221,29,2020-10-03
"1526",11222,12,2020-10-03
"1527",11223,189,2020-10-03
"1528",11224,19,2020-10-03
"1529",11225,31,2020-10-03
"1530",11226,33,2020-10-03
"1531",11228,21,2020-10-03
"1532",11229,106,2020-10-03
"1533",11230,223,2020-10-03
"1534",11231,9,2020-10-03
"1535",11232,6,2020-10-03
"1536",11233,26,2020-10-03
"1537",11234,72,2020-10-03
"1538",11235,68,2020-10-03
"1539",11236,26,2020-10-03
"1540",11237,24,2020-10-03
"1541",11238,16,2020-10-03
"1542",11239,3,2020-10-03
"1543",11354,23,2020-10-03
"1544",11355,15,2020-10-03
"1545",11356,4,2020-10-03
"1546",11357,10,2020-10-03
"1547",11358,6,2020-10-03
"1548",11360,4,2020-10-03
"1549",11361,10,2020-10-03
"1550",11362,3,2020-10-03
"1551",11363,0,2020-10-03
"1552",11364,12,2020-10-03
"1553",11365,16,2020-10-03
"1554",11366,8,2020-10-03
"1555",11367,53,2020-10-03
"1556",11368,33,2020-10-03
"1557",11369,10,2020-10-03
"1558",11370,13,2020-10-03
"1559",11372,28,2020-10-03
"1560",11373,32,2020-10-03
"1561",11374,37,2020-10-03
"1562",11375,39,2020-10-03
"1563",11377,37,2020-10-03
"1564",11378,6,2020-10-03
"1565",11379,14,2020-10-03
"1566",11385,47,2020-10-03
"1567",11411,2,2020-10-03
"1568",11412,8,2020-10-03
"1569",11413,18,2020-10-03
"1570",11414,13,2020-10-03
"1571",11415,26,2020-10-03
"1572",11416,14,2020-10-03
"1573",11417,16,2020-10-03
"1574",11418,16,2020-10-03
"1575",11419,9,2020-10-03
"1576",11420,23,2020-10-03
"1577",11421,8,2020-10-03
"1578",11422,2,2020-10-03
"1579",11423,25,2020-10-03
"1580",11426,9,2020-10-03
"1581",11427,10,2020-10-03
"1582",11428,5,2020-10-03
"1583",11429,11,2020-10-03
"1584",11432,48,2020-10-03
"1585",11433,15,2020-10-03
"1586",11434,11,2020-10-03
"1587",11435,33,2020-10-03
"1588",11436,6,2020-10-03
"1589",11691,115,2020-10-03
"1590",11692,5,2020-10-03
"1591",11693,6,2020-10-03
"1592",11694,9,2020-10-03
"1593",11697,0,2020-10-03
"1594",10001,9,2020-10-10
"1595",10002,27,2020-10-10
"1596",10003,16,2020-10-10
"1597",10004,3,2020-10-10
"1598",10005,7,2020-10-10
"1599",10006,1,2020-10-10
"1600",10007,4,2020-10-10
"1601",10009,16,2020-10-10
"1602",10010,12,2020-10-10
"1603",10011,15,2020-10-10
"1604",10012,16,2020-10-10
"1605",10013,4,2020-10-10
"1606",10014,14,2020-10-10
"1607",10016,26,2020-10-10
"1608",10017,4,2020-10-10
"1609",10018,5,2020-10-10
"1610",10019,11,2020-10-10
"1611",10021,11,2020-10-10
"1612",10022,5,2020-10-10
"1613",10023,13,2020-10-10
"1614",10024,10,2020-10-10
"1615",10025,20,2020-10-10
"1616",10026,10,2020-10-10
"1617",10027,18,2020-10-10
"1618",10028,11,2020-10-10
"1619",10029,23,2020-10-10
"1620",10030,6,2020-10-10
"1621",10031,28,2020-10-10
"1622",10032,13,2020-10-10
"1623",10033,34,2020-10-10
"1624",10034,22,2020-10-10
"1625",10035,10,2020-10-10
"1626",10036,9,2020-10-10
"1627",10037,5,2020-10-10
"1628",10038,13,2020-10-10
"1629",10039,4,2020-10-10
"1630",10040,22,2020-10-10
"1631",10044,2,2020-10-10
"1632",10065,7,2020-10-10
"1633",10069,0,2020-10-10
"1634",10075,8,2020-10-10
"1635",10128,20,2020-10-10
"1636",10280,1,2020-10-10
"1637",10282,1,2020-10-10
"1638",10301,17,2020-10-10
"1639",10302,6,2020-10-10
"1640",10303,9,2020-10-10
"1641",10304,21,2020-10-10
"1642",10305,27,2020-10-10
"1643",10306,42,2020-10-10
"1644",10307,17,2020-10-10
"1645",10308,8,2020-10-10
"1646",10309,23,2020-10-10
"1647",10310,12,2020-10-10
"1648",10312,30,2020-10-10
"1649",10314,63,2020-10-10
"1650",10451,18,2020-10-10
"1651",10452,36,2020-10-10
"1652",10453,42,2020-10-10
"1653",10454,3,2020-10-10
"1654",10455,18,2020-10-10
"1655",10456,22,2020-10-10
"1656",10457,33,2020-10-10
"1657",10458,26,2020-10-10
"1658",10459,17,2020-10-10
"1659",10460,22,2020-10-10
"1660",10461,19,2020-10-10
"1661",10462,25,2020-10-10
"1662",10463,21,2020-10-10
"1663",10464,2,2020-10-10
"1664",10465,17,2020-10-10
"1665",10466,20,2020-10-10
"1666",10467,35,2020-10-10
"1667",10468,35,2020-10-10
"1668",10469,33,2020-10-10
"1669",10470,5,2020-10-10
"1670",10471,15,2020-10-10
"1671",10472,27,2020-10-10
"1672",10473,33,2020-10-10
"1673",10474,3,2020-10-10
"1674",10475,17,2020-10-10
"1675",11004,7,2020-10-10
"1676",11101,14,2020-10-10
"1677",11102,28,2020-10-10
"1678",11103,18,2020-10-10
"1679",11104,4,2020-10-10
"1680",11105,22,2020-10-10
"1681",11106,24,2020-10-10
"1682",11109,1,2020-10-10
"1683",11201,12,2020-10-10
"1684",11203,24,2020-10-10
"1685",11204,93,2020-10-10
"1686",11205,20,2020-10-10
"1687",11206,39,2020-10-10
"1688",11207,37,2020-10-10
"1689",11208,51,2020-10-10
"1690",11209,33,2020-10-10
"1691",11210,120,2020-10-10
"1692",11211,73,2020-10-10
"1693",11212,22,2020-10-10
"1694",11213,30,2020-10-10
"1695",11214,45,2020-10-10
"1696",11215,28,2020-10-10
"1697",11216,26,2020-10-10
"1698",11217,16,2020-10-10
"1699",11218,72,2020-10-10
"1700",11219,140,2020-10-10
"1701",11220,43,2020-10-10
"1702",11221,12,2020-10-10
"1703",11222,15,2020-10-10
"1704",11223,120,2020-10-10
"1705",11224,44,2020-10-10
"1706",11225,12,2020-10-10
"1707",11226,27,2020-10-10
"1708",11228,16,2020-10-10
"1709",11229,100,2020-10-10
"1710",11230,175,2020-10-10
"1711",11231,8,2020-10-10
"1712",11232,18,2020-10-10
"1713",11233,13,2020-10-10
"1714",11234,56,2020-10-10
"1715",11235,69,2020-10-10
"1716",11236,37,2020-10-10
"1717",11237,27,2020-10-10
"1718",11238,14,2020-10-10
"1719",11239,9,2020-10-10
"1720",11354,12,2020-10-10
"1721",11355,12,2020-10-10
"1722",11356,12,2020-10-10
"1723",11357,18,2020-10-10
"1724",11358,13,2020-10-10
"1725",11360,5,2020-10-10
"1726",11361,11,2020-10-10
"1727",11362,8,2020-10-10
"1728",11363,1,2020-10-10
"1729",11364,18,2020-10-10
"1730",11365,10,2020-10-10
"1731",11366,5,2020-10-10
"1732",11367,46,2020-10-10
"1733",11368,37,2020-10-10
"1734",11369,10,2020-10-10
"1735",11370,15,2020-10-10
"1736",11372,39,2020-10-10
"1737",11373,53,2020-10-10
"1738",11374,32,2020-10-10
"1739",11375,45,2020-10-10
"1740",11377,39,2020-10-10
"1741",11378,10,2020-10-10
"1742",11379,17,2020-10-10
"1743",11385,31,2020-10-10
"1744",11411,8,2020-10-10
"1745",11412,12,2020-10-10
"1746",11413,17,2020-10-10
"1747",11414,13,2020-10-10
"1748",11415,16,2020-10-10
"1749",11416,27,2020-10-10
"1750",11417,7,2020-10-10
"1751",11418,13,2020-10-10
"1752",11419,26,2020-10-10
"1753",11420,21,2020-10-10
"1754",11421,15,2020-10-10
"1755",11422,3,2020-10-10
"1756",11423,13,2020-10-10
"1757",11426,8,2020-10-10
"1758",11427,7,2020-10-10
"1759",11428,6,2020-10-10
"1760",11429,9,2020-10-10
"1761",11432,44,2020-10-10
"1762",11433,13,2020-10-10
"1763",11434,17,2020-10-10
"1764",11435,40,2020-10-10
"1765",11436,6,2020-10-10
"1766",11691,82,2020-10-10
"1767",11692,11,2020-10-10
"1768",11693,1,2020-10-10
"1769",11694,5,2020-10-10
"1770",11697,0,2020-10-10
