"","modzcta","week_ending","testcount"
"1",10001,2020-08-08,453
"2",10002,2020-08-08,1588
"3",10003,2020-08-08,1156
"4",10004,2020-08-08,64
"5",10005,2020-08-08,174
"6",10006,2020-08-08,74
"7",10007,2020-08-08,181
"8",10009,2020-08-08,1322
"9",10010,2020-08-08,774
"10",10011,2020-08-08,1134
"11",10012,2020-08-08,591
"12",10013,2020-08-08,685
"13",10014,2020-08-08,874
"14",10016,2020-08-08,1161
"15",10017,2020-08-08,281
"16",10018,2020-08-08,163
"17",10019,2020-08-08,1015
"18",10021,2020-08-08,1370
"19",10022,2020-08-08,620
"20",10023,2020-08-08,1266
"21",10024,2020-08-08,1716
"22",10025,2020-08-08,2778
"23",10026,2020-08-08,812
"24",10027,2020-08-08,1342
"25",10028,2020-08-08,1016
"26",10029,2020-08-08,2232
"27",10030,2020-08-08,612
"28",10031,2020-08-08,1126
"29",10032,2020-08-08,1292
"30",10033,2020-08-08,1182
"31",10034,2020-08-08,830
"32",10035,2020-08-08,963
"33",10036,2020-08-08,673
"34",10037,2020-08-08,493
"35",10038,2020-08-08,403
"36",10039,2020-08-08,576
"37",10040,2020-08-08,931
"38",10044,2020-08-08,532
"39",10065,2020-08-08,862
"40",10069,2020-08-08,104
"41",10075,2020-08-08,821
"42",10128,2020-08-08,1467
"43",10280,2020-08-08,141
"44",10282,2020-08-08,91
"45",10301,2020-08-08,1091
"46",10302,2020-08-08,405
"47",10303,2020-08-08,628
"48",10304,2020-08-08,1312
"49",10305,2020-08-08,822
"50",10306,2020-08-08,1013
"51",10307,2020-08-08,237
"52",10308,2020-08-08,459
"53",10309,2020-08-08,509
"54",10310,2020-08-08,532
"55",10312,2020-08-08,1091
"56",10314,2020-08-08,2483
"57",10451,2020-08-08,986
"58",10452,2020-08-08,1642
"59",10453,2020-08-08,1520
"60",10454,2020-08-08,652
"61",10455,2020-08-08,849
"62",10456,2020-08-08,1890
"63",10457,2020-08-08,1454
"64",10458,2020-08-08,1363
"65",10459,2020-08-08,1010
"66",10460,2020-08-08,1004
"67",10461,2020-08-08,982
"68",10462,2020-08-08,1511
"69",10463,2020-08-08,1918
"70",10464,2020-08-08,97
"71",10465,2020-08-08,1162
"72",10466,2020-08-08,1723
"73",10467,2020-08-08,2483
"74",10468,2020-08-08,1603
"75",10469,2020-08-08,2149
"76",10470,2020-08-08,295
"77",10471,2020-08-08,582
"78",10472,2020-08-08,1061
"79",10473,2020-08-08,1203
"80",10474,2020-08-08,203
"81",10475,2020-08-08,1235
"82",11004,2020-08-08,974
"83",11101,2020-08-08,743
"84",11102,2020-08-08,708
"85",11103,2020-08-08,738
"86",11104,2020-08-08,530
"87",11105,2020-08-08,699
"88",11106,2020-08-08,753
"89",11109,2020-08-08,142
"90",11201,2020-08-08,2122
"91",11203,2020-08-08,1472
"92",11204,2020-08-08,794
"93",11205,2020-08-08,846
"94",11206,2020-08-08,1704
"95",11207,2020-08-08,1860
"96",11208,2020-08-08,1711
"97",11209,2020-08-08,1143
"98",11210,2020-08-08,1007
"99",11211,2020-08-08,2116
"100",11212,2020-08-08,1817
"101",11213,2020-08-08,1210
"102",11214,2020-08-08,1143
"103",11215,2020-08-08,1551
"104",11216,2020-08-08,1283
"105",11217,2020-08-08,1053
"106",11218,2020-08-08,1206
"107",11219,2020-08-08,1110
"108",11220,2020-08-08,1604
"109",11221,2020-08-08,1717
"110",11222,2020-08-08,983
"111",11223,2020-08-08,1035
"112",11224,2020-08-08,835
"113",11225,2020-08-08,1146
"114",11226,2020-08-08,2158
"115",11228,2020-08-08,721
"116",11229,2020-08-08,1116
"117",11230,2020-08-08,1267
"118",11231,2020-08-08,803
"119",11232,2020-08-08,574
"120",11233,2020-08-08,1253
"121",11234,2020-08-08,1544
"122",11235,2020-08-08,1260
"123",11236,2020-08-08,2459
"124",11237,2020-08-08,968
"125",11238,2020-08-08,1530
"126",11239,2020-08-08,260
"127",11354,2020-08-08,1511
"128",11355,2020-08-08,1255
"129",11356,2020-08-08,394
"130",11357,2020-08-08,945
"131",11358,2020-08-08,641
"132",11360,2020-08-08,336
"133",11361,2020-08-08,635
"134",11362,2020-08-08,356
"135",11363,2020-08-08,151
"136",11364,2020-08-08,580
"137",11365,2020-08-08,771
"138",11366,2020-08-08,240
"139",11367,2020-08-08,691
"140",11368,2020-08-08,1944
"141",11369,2020-08-08,643
"142",11370,2020-08-08,584
"143",11372,2020-08-08,1463
"144",11373,2020-08-08,1757
"145",11374,2020-08-08,797
"146",11375,2020-08-08,1363
"147",11377,2020-08-08,1775
"148",11378,2020-08-08,692
"149",11379,2020-08-08,875
"150",11385,2020-08-08,1700
"151",11411,2020-08-08,446
"152",11412,2020-08-08,854
"153",11413,2020-08-08,834
"154",11414,2020-08-08,479
"155",11415,2020-08-08,400
"156",11416,2020-08-08,401
"157",11417,2020-08-08,513
"158",11418,2020-08-08,531
"159",11419,2020-08-08,637
"160",11420,2020-08-08,660
"161",11421,2020-08-08,639
"162",11422,2020-08-08,676
"163",11423,2020-08-08,635
"164",11426,2020-08-08,308
"165",11427,2020-08-08,496
"166",11428,2020-08-08,372
"167",11429,2020-08-08,637
"168",11432,2020-08-08,1008
"169",11433,2020-08-08,684
"170",11434,2020-08-08,1525
"171",11435,2020-08-08,956
"172",11436,2020-08-08,348
"173",11691,2020-08-08,1625
"174",11692,2020-08-08,637
"175",11693,2020-08-08,239
"176",11694,2020-08-08,508
"177",11697,2020-08-08,85
"178",10001,2020-08-15,454
"179",10002,2020-08-15,1747
"180",10003,2020-08-15,1202
"181",10004,2020-08-15,70
"182",10005,2020-08-15,183
"183",10006,2020-08-15,75
"184",10007,2020-08-15,228
"185",10009,2020-08-15,1327
"186",10010,2020-08-15,844
"187",10011,2020-08-15,1155
"188",10012,2020-08-15,685
"189",10013,2020-08-15,731
"190",10014,2020-08-15,884
"191",10016,2020-08-15,1206
"192",10017,2020-08-15,309
"193",10018,2020-08-15,178
"194",10019,2020-08-15,1060
"195",10021,2020-08-15,1393
"196",10022,2020-08-15,650
"197",10023,2020-08-15,1402
"198",10024,2020-08-15,1884
"199",10025,2020-08-15,2999
"200",10026,2020-08-15,826
"201",10027,2020-08-15,1324
"202",10028,2020-08-15,1124
"203",10029,2020-08-15,2333
"204",10030,2020-08-15,605
"205",10031,2020-08-15,1240
"206",10032,2020-08-15,1208
"207",10033,2020-08-15,1161
"208",10034,2020-08-15,898
"209",10035,2020-08-15,965
"210",10036,2020-08-15,720
"211",10037,2020-08-15,445
"212",10038,2020-08-15,453
"213",10039,2020-08-15,593
"214",10040,2020-08-15,943
"215",10044,2020-08-15,529
"216",10065,2020-08-15,909
"217",10069,2020-08-15,128
"218",10075,2020-08-15,771
"219",10128,2020-08-15,1529
"220",10280,2020-08-15,142
"221",10282,2020-08-15,73
"222",10301,2020-08-15,1147
"223",10302,2020-08-15,388
"224",10303,2020-08-15,630
"225",10304,2020-08-15,1352
"226",10305,2020-08-15,872
"227",10306,2020-08-15,1135
"228",10307,2020-08-15,244
"229",10308,2020-08-15,545
"230",10309,2020-08-15,635
"231",10310,2020-08-15,572
"232",10312,2020-08-15,1204
"233",10314,2020-08-15,2578
"234",10451,2020-08-15,1037
"235",10452,2020-08-15,1658
"236",10453,2020-08-15,1476
"237",10454,2020-08-15,740
"238",10455,2020-08-15,839
"239",10456,2020-08-15,1817
"240",10457,2020-08-15,1429
"241",10458,2020-08-15,1508
"242",10459,2020-08-15,1097
"243",10460,2020-08-15,1173
"244",10461,2020-08-15,1073
"245",10462,2020-08-15,1610
"246",10463,2020-08-15,2033
"247",10464,2020-08-15,114
"248",10465,2020-08-15,1037
"249",10466,2020-08-15,1678
"250",10467,2020-08-15,2635
"251",10468,2020-08-15,1582
"252",10469,2020-08-15,2503
"253",10470,2020-08-15,295
"254",10471,2020-08-15,659
"255",10472,2020-08-15,1315
"256",10473,2020-08-15,1242
"257",10474,2020-08-15,222
"258",10475,2020-08-15,1059
"259",11004,2020-08-15,1058
"260",11101,2020-08-15,781
"261",11102,2020-08-15,763
"262",11103,2020-08-15,813
"263",11104,2020-08-15,609
"264",11105,2020-08-15,715
"265",11106,2020-08-15,833
"266",11109,2020-08-15,156
"267",11201,2020-08-15,2165
"268",11203,2020-08-15,1755
"269",11204,2020-08-15,920
"270",11205,2020-08-15,926
"271",11206,2020-08-15,1580
"272",11207,2020-08-15,2032
"273",11208,2020-08-15,1707
"274",11209,2020-08-15,1169
"275",11210,2020-08-15,1105
"276",11211,2020-08-15,2074
"277",11212,2020-08-15,1776
"278",11213,2020-08-15,1201
"279",11214,2020-08-15,1225
"280",11215,2020-08-15,1623
"281",11216,2020-08-15,1352
"282",11217,2020-08-15,1129
"283",11218,2020-08-15,1333
"284",11219,2020-08-15,1245
"285",11220,2020-08-15,2350
"286",11221,2020-08-15,1807
"287",11222,2020-08-15,998
"288",11223,2020-08-15,1111
"289",11224,2020-08-15,860
"290",11225,2020-08-15,1319
"291",11226,2020-08-15,2079
"292",11228,2020-08-15,812
"293",11229,2020-08-15,1125
"294",11230,2020-08-15,1335
"295",11231,2020-08-15,998
"296",11232,2020-08-15,849
"297",11233,2020-08-15,1272
"298",11234,2020-08-15,1543
"299",11235,2020-08-15,1223
"300",11236,2020-08-15,2134
"301",11237,2020-08-15,942
"302",11238,2020-08-15,1597
"303",11239,2020-08-15,270
"304",11354,2020-08-15,1510
"305",11355,2020-08-15,1387
"306",11356,2020-08-15,482
"307",11357,2020-08-15,885
"308",11358,2020-08-15,664
"309",11360,2020-08-15,337
"310",11361,2020-08-15,660
"311",11362,2020-08-15,333
"312",11363,2020-08-15,148
"313",11364,2020-08-15,605
"314",11365,2020-08-15,767
"315",11366,2020-08-15,260
"316",11367,2020-08-15,754
"317",11368,2020-08-15,1817
"318",11369,2020-08-15,767
"319",11370,2020-08-15,635
"320",11372,2020-08-15,1355
"321",11373,2020-08-15,1795
"322",11374,2020-08-15,831
"323",11375,2020-08-15,1426
"324",11377,2020-08-15,1966
"325",11378,2020-08-15,769
"326",11379,2020-08-15,912
"327",11385,2020-08-15,1782
"328",11411,2020-08-15,437
"329",11412,2020-08-15,854
"330",11413,2020-08-15,877
"331",11414,2020-08-15,496
"332",11415,2020-08-15,482
"333",11416,2020-08-15,364
"334",11417,2020-08-15,546
"335",11418,2020-08-15,607
"336",11419,2020-08-15,664
"337",11420,2020-08-15,755
"338",11421,2020-08-15,649
"339",11422,2020-08-15,710
"340",11423,2020-08-15,711
"341",11426,2020-08-15,374
"342",11427,2020-08-15,539
"343",11428,2020-08-15,395
"344",11429,2020-08-15,662
"345",11432,2020-08-15,1090
"346",11433,2020-08-15,699
"347",11434,2020-08-15,1531
"348",11435,2020-08-15,996
"349",11436,2020-08-15,333
"350",11691,2020-08-15,1856
"351",11692,2020-08-15,608
"352",11693,2020-08-15,240
"353",11694,2020-08-15,545
"354",11697,2020-08-15,80
"355",10001,2020-08-22,687
"356",10002,2020-08-22,2133
"357",10003,2020-08-22,3480
"358",10004,2020-08-22,92
"359",10005,2020-08-22,207
"360",10006,2020-08-22,105
"361",10007,2020-08-22,186
"362",10009,2020-08-22,1931
"363",10010,2020-08-22,1236
"364",10011,2020-08-22,1619
"365",10012,2020-08-22,1119
"366",10013,2020-08-22,1038
"367",10014,2020-08-22,1142
"368",10016,2020-08-22,1451
"369",10017,2020-08-22,384
"370",10018,2020-08-22,232
"371",10019,2020-08-22,1206
"372",10021,2020-08-22,1573
"373",10022,2020-08-22,816
"374",10023,2020-08-22,1738
"375",10024,2020-08-22,2177
"376",10025,2020-08-22,3649
"377",10026,2020-08-22,942
"378",10027,2020-08-22,1836
"379",10028,2020-08-22,1228
"380",10029,2020-08-22,2269
"381",10030,2020-08-22,615
"382",10031,2020-08-22,1270
"383",10032,2020-08-22,1462
"384",10033,2020-08-22,1205
"385",10034,2020-08-22,882
"386",10035,2020-08-22,950
"387",10036,2020-08-22,794
"388",10037,2020-08-22,586
"389",10038,2020-08-22,516
"390",10039,2020-08-22,626
"391",10040,2020-08-22,1103
"392",10044,2020-08-22,563
"393",10065,2020-08-22,977
"394",10069,2020-08-22,155
"395",10075,2020-08-22,818
"396",10128,2020-08-22,1731
"397",10280,2020-08-22,187
"398",10282,2020-08-22,118
"399",10301,2020-08-22,1184
"400",10302,2020-08-22,379
"401",10303,2020-08-22,680
"402",10304,2020-08-22,1152
"403",10305,2020-08-22,817
"404",10306,2020-08-22,1165
"405",10307,2020-08-22,255
"406",10308,2020-08-22,551
"407",10309,2020-08-22,633
"408",10310,2020-08-22,553
"409",10312,2020-08-22,1189
"410",10314,2020-08-22,2819
"411",10451,2020-08-22,1044
"412",10452,2020-08-22,1616
"413",10453,2020-08-22,1529
"414",10454,2020-08-22,716
"415",10455,2020-08-22,840
"416",10456,2020-08-22,2034
"417",10457,2020-08-22,1427
"418",10458,2020-08-22,1654
"419",10459,2020-08-22,1134
"420",10460,2020-08-22,1207
"421",10461,2020-08-22,1144
"422",10462,2020-08-22,1637
"423",10463,2020-08-22,2360
"424",10464,2020-08-22,96
"425",10465,2020-08-22,1179
"426",10466,2020-08-22,1855
"427",10467,2020-08-22,2780
"428",10468,2020-08-22,1760
"429",10469,2020-08-22,2713
"430",10470,2020-08-22,297
"431",10471,2020-08-22,684
"432",10472,2020-08-22,1270
"433",10473,2020-08-22,1319
"434",10474,2020-08-22,199
"435",10475,2020-08-22,1356
"436",11004,2020-08-22,1023
"437",11101,2020-08-22,964
"438",11102,2020-08-22,742
"439",11103,2020-08-22,849
"440",11104,2020-08-22,575
"441",11105,2020-08-22,725
"442",11106,2020-08-22,833
"443",11109,2020-08-22,176
"444",11201,2020-08-22,2649
"445",11203,2020-08-22,1618
"446",11204,2020-08-22,977
"447",11205,2020-08-22,1155
"448",11206,2020-08-22,1695
"449",11207,2020-08-22,1782
"450",11208,2020-08-22,1667
"451",11209,2020-08-22,1411
"452",11210,2020-08-22,1278
"453",11211,2020-08-22,2248
"454",11212,2020-08-22,1903
"455",11213,2020-08-22,1387
"456",11214,2020-08-22,1517
"457",11215,2020-08-22,1863
"458",11216,2020-08-22,1636
"459",11217,2020-08-22,1301
"460",11218,2020-08-22,1471
"461",11219,2020-08-22,1318
"462",11220,2020-08-22,1989
"463",11221,2020-08-22,1942
"464",11222,2020-08-22,987
"465",11223,2020-08-22,1113
"466",11224,2020-08-22,1111
"467",11225,2020-08-22,1348
"468",11226,2020-08-22,2498
"469",11228,2020-08-22,661
"470",11229,2020-08-22,1233
"471",11230,2020-08-22,1511
"472",11231,2020-08-22,920
"473",11232,2020-08-22,756
"474",11233,2020-08-22,1359
"475",11234,2020-08-22,1737
"476",11235,2020-08-22,1309
"477",11236,2020-08-22,2492
"478",11237,2020-08-22,1133
"479",11238,2020-08-22,1741
"480",11239,2020-08-22,275
"481",11354,2020-08-22,1740
"482",11355,2020-08-22,1604
"483",11356,2020-08-22,431
"484",11357,2020-08-22,951
"485",11358,2020-08-22,642
"486",11360,2020-08-22,391
"487",11361,2020-08-22,615
"488",11362,2020-08-22,357
"489",11363,2020-08-22,141
"490",11364,2020-08-22,651
"491",11365,2020-08-22,824
"492",11366,2020-08-22,278
"493",11367,2020-08-22,852
"494",11368,2020-08-22,2023
"495",11369,2020-08-22,775
"496",11370,2020-08-22,659
"497",11372,2020-08-22,1550
"498",11373,2020-08-22,1857
"499",11374,2020-08-22,858
"500",11375,2020-08-22,1559
"501",11377,2020-08-22,1931
"502",11378,2020-08-22,751
"503",11379,2020-08-22,960
"504",11385,2020-08-22,1800
"505",11411,2020-08-22,431
"506",11412,2020-08-22,855
"507",11413,2020-08-22,931
"508",11414,2020-08-22,507
"509",11415,2020-08-22,515
"510",11416,2020-08-22,390
"511",11417,2020-08-22,496
"512",11418,2020-08-22,630
"513",11419,2020-08-22,651
"514",11420,2020-08-22,767
"515",11421,2020-08-22,692
"516",11422,2020-08-22,767
"517",11423,2020-08-22,711
"518",11426,2020-08-22,332
"519",11427,2020-08-22,513
"520",11428,2020-08-22,378
"521",11429,2020-08-22,678
"522",11432,2020-08-22,1191
"523",11433,2020-08-22,700
"524",11434,2020-08-22,1691
"525",11435,2020-08-22,1035
"526",11436,2020-08-22,359
"527",11691,2020-08-22,2161
"528",11692,2020-08-22,718
"529",11693,2020-08-22,213
"530",11694,2020-08-22,429
"531",11697,2020-08-22,99
"532",10001,2020-08-29,646
"533",10002,2020-08-29,1826
"534",10003,2020-08-29,3258
"535",10004,2020-08-29,98
"536",10005,2020-08-29,245
"537",10006,2020-08-29,91
"538",10007,2020-08-29,256
"539",10009,2020-08-29,1829
"540",10010,2020-08-29,1248
"541",10011,2020-08-29,1807
"542",10012,2020-08-29,1016
"543",10013,2020-08-29,1153
"544",10014,2020-08-29,1121
"545",10016,2020-08-29,1537
"546",10017,2020-08-29,443
"547",10018,2020-08-29,210
"548",10019,2020-08-29,1335
"549",10021,2020-08-29,1573
"550",10022,2020-08-29,862
"551",10023,2020-08-29,1818
"552",10024,2020-08-29,2298
"553",10025,2020-08-29,4223
"554",10026,2020-08-29,1110
"555",10027,2020-08-29,2230
"556",10028,2020-08-29,1336
"557",10029,2020-08-29,1905
"558",10030,2020-08-29,648
"559",10031,2020-08-29,1323
"560",10032,2020-08-29,1600
"561",10033,2020-08-29,1264
"562",10034,2020-08-29,909
"563",10035,2020-08-29,982
"564",10036,2020-08-29,854
"565",10037,2020-08-29,483
"566",10038,2020-08-29,504
"567",10039,2020-08-29,472
"568",10040,2020-08-29,1013
"569",10044,2020-08-29,664
"570",10065,2020-08-29,1071
"571",10069,2020-08-29,255
"572",10075,2020-08-29,935
"573",10128,2020-08-29,1786
"574",10280,2020-08-29,197
"575",10282,2020-08-29,127
"576",10301,2020-08-29,1046
"577",10302,2020-08-29,395
"578",10303,2020-08-29,587
"579",10304,2020-08-29,1088
"580",10305,2020-08-29,835
"581",10306,2020-08-29,1415
"582",10307,2020-08-29,256
"583",10308,2020-08-29,538
"584",10309,2020-08-29,599
"585",10310,2020-08-29,569
"586",10312,2020-08-29,1183
"587",10314,2020-08-29,2784
"588",10451,2020-08-29,1083
"589",10452,2020-08-29,1647
"590",10453,2020-08-29,1509
"591",10454,2020-08-29,675
"592",10455,2020-08-29,814
"593",10456,2020-08-29,1964
"594",10457,2020-08-29,1442
"595",10458,2020-08-29,1539
"596",10459,2020-08-29,1147
"597",10460,2020-08-29,1104
"598",10461,2020-08-29,1111
"599",10462,2020-08-29,1580
"600",10463,2020-08-29,1890
"601",10464,2020-08-29,89
"602",10465,2020-08-29,1104
"603",10466,2020-08-29,1671
"604",10467,2020-08-29,2769
"605",10468,2020-08-29,1640
"606",10469,2020-08-29,2950
"607",10470,2020-08-29,331
"608",10471,2020-08-29,785
"609",10472,2020-08-29,1302
"610",10473,2020-08-29,1232
"611",10474,2020-08-29,197
"612",10475,2020-08-29,1259
"613",11004,2020-08-29,995
"614",11101,2020-08-29,955
"615",11102,2020-08-29,1049
"616",11103,2020-08-29,879
"617",11104,2020-08-29,620
"618",11105,2020-08-29,818
"619",11106,2020-08-29,834
"620",11109,2020-08-29,170
"621",11201,2020-08-29,2478
"622",11203,2020-08-29,1817
"623",11204,2020-08-29,1092
"624",11205,2020-08-29,1115
"625",11206,2020-08-29,1800
"626",11207,2020-08-29,2317
"627",11208,2020-08-29,1708
"628",11209,2020-08-29,1406
"629",11210,2020-08-29,1271
"630",11211,2020-08-29,2648
"631",11212,2020-08-29,1876
"632",11213,2020-08-29,1479
"633",11214,2020-08-29,1303
"634",11215,2020-08-29,1962
"635",11216,2020-08-29,1536
"636",11217,2020-08-29,1396
"637",11218,2020-08-29,1442
"638",11219,2020-08-29,1391
"639",11220,2020-08-29,1733
"640",11221,2020-08-29,1936
"641",11222,2020-08-29,1071
"642",11223,2020-08-29,1175
"643",11224,2020-08-29,809
"644",11225,2020-08-29,1382
"645",11226,2020-08-29,2435
"646",11228,2020-08-29,699
"647",11229,2020-08-29,1301
"648",11230,2020-08-29,1702
"649",11231,2020-08-29,1067
"650",11232,2020-08-29,729
"651",11233,2020-08-29,1438
"652",11234,2020-08-29,1766
"653",11235,2020-08-29,1352
"654",11236,2020-08-29,2428
"655",11237,2020-08-29,1025
"656",11238,2020-08-29,1670
"657",11239,2020-08-29,315
"658",11354,2020-08-29,1385
"659",11355,2020-08-29,1185
"660",11356,2020-08-29,416
"661",11357,2020-08-29,1002
"662",11358,2020-08-29,660
"663",11360,2020-08-29,422
"664",11361,2020-08-29,643
"665",11362,2020-08-29,360
"666",11363,2020-08-29,142
"667",11364,2020-08-29,619
"668",11365,2020-08-29,869
"669",11366,2020-08-29,252
"670",11367,2020-08-29,935
"671",11368,2020-08-29,1853
"672",11369,2020-08-29,781
"673",11370,2020-08-29,631
"674",11372,2020-08-29,1613
"675",11373,2020-08-29,1756
"676",11374,2020-08-29,894
"677",11375,2020-08-29,1612
"678",11377,2020-08-29,1837
"679",11378,2020-08-29,611
"680",11379,2020-08-29,946
"681",11385,2020-08-29,1762
"682",11411,2020-08-29,425
"683",11412,2020-08-29,929
"684",11413,2020-08-29,864
"685",11414,2020-08-29,540
"686",11415,2020-08-29,575
"687",11416,2020-08-29,372
"688",11417,2020-08-29,540
"689",11418,2020-08-29,629
"690",11419,2020-08-29,715
"691",11420,2020-08-29,800
"692",11421,2020-08-29,612
"693",11422,2020-08-29,696
"694",11423,2020-08-29,722
"695",11426,2020-08-29,362
"696",11427,2020-08-29,586
"697",11428,2020-08-29,392
"698",11429,2020-08-29,669
"699",11432,2020-08-29,1277
"700",11433,2020-08-29,694
"701",11434,2020-08-29,1668
"702",11435,2020-08-29,1112
"703",11436,2020-08-29,377
"704",11691,2020-08-29,2229
"705",11692,2020-08-29,750
"706",11693,2020-08-29,251
"707",11694,2020-08-29,441
"708",11697,2020-08-29,92
"709",10001,2020-09-05,730
"710",10002,2020-09-05,2275
"711",10003,2020-09-05,2842
"712",10004,2020-09-05,114
"713",10005,2020-09-05,244
"714",10006,2020-09-05,111
"715",10007,2020-09-05,326
"716",10009,2020-09-05,2106
"717",10010,2020-09-05,1283
"718",10011,2020-09-05,1878
"719",10012,2020-09-05,1135
"720",10013,2020-09-05,1113
"721",10014,2020-09-05,1221
"722",10016,2020-09-05,1779
"723",10017,2020-09-05,452
"724",10018,2020-09-05,240
"725",10019,2020-09-05,1502
"726",10021,2020-09-05,1636
"727",10022,2020-09-05,1006
"728",10023,2020-09-05,1863
"729",10024,2020-09-05,2379
"730",10025,2020-09-05,5129
"731",10026,2020-09-05,1167
"732",10027,2020-09-05,2503
"733",10028,2020-09-05,1338
"734",10029,2020-09-05,1901
"735",10030,2020-09-05,700
"736",10031,2020-09-05,1308
"737",10032,2020-09-05,1550
"738",10033,2020-09-05,1383
"739",10034,2020-09-05,890
"740",10035,2020-09-05,1079
"741",10036,2020-09-05,1013
"742",10037,2020-09-05,636
"743",10038,2020-09-05,759
"744",10039,2020-09-05,506
"745",10040,2020-09-05,1432
"746",10044,2020-09-05,563
"747",10065,2020-09-05,1110
"748",10069,2020-09-05,200
"749",10075,2020-09-05,867
"750",10128,2020-09-05,1950
"751",10280,2020-09-05,237
"752",10282,2020-09-05,163
"753",10301,2020-09-05,1558
"754",10302,2020-09-05,552
"755",10303,2020-09-05,752
"756",10304,2020-09-05,1190
"757",10305,2020-09-05,1069
"758",10306,2020-09-05,1562
"759",10307,2020-09-05,335
"760",10308,2020-09-05,721
"761",10309,2020-09-05,782
"762",10310,2020-09-05,698
"763",10312,2020-09-05,1550
"764",10314,2020-09-05,3196
"765",10451,2020-09-05,1080
"766",10452,2020-09-05,1608
"767",10453,2020-09-05,1661
"768",10454,2020-09-05,786
"769",10455,2020-09-05,775
"770",10456,2020-09-05,2059
"771",10457,2020-09-05,1553
"772",10458,2020-09-05,1607
"773",10459,2020-09-05,1218
"774",10460,2020-09-05,1158
"775",10461,2020-09-05,1294
"776",10462,2020-09-05,1785
"777",10463,2020-09-05,2621
"778",10464,2020-09-05,89
"779",10465,2020-09-05,1284
"780",10466,2020-09-05,1938
"781",10467,2020-09-05,3043
"782",10468,2020-09-05,1829
"783",10469,2020-09-05,2962
"784",10470,2020-09-05,409
"785",10471,2020-09-05,973
"786",10472,2020-09-05,1476
"787",10473,2020-09-05,1368
"788",10474,2020-09-05,193
"789",10475,2020-09-05,1422
"790",11004,2020-09-05,1054
"791",11101,2020-09-05,1047
"792",11102,2020-09-05,1100
"793",11103,2020-09-05,1009
"794",11104,2020-09-05,665
"795",11105,2020-09-05,929
"796",11106,2020-09-05,936
"797",11109,2020-09-05,181
"798",11201,2020-09-05,2663
"799",11203,2020-09-05,1794
"800",11204,2020-09-05,1166
"801",11205,2020-09-05,959
"802",11206,2020-09-05,1742
"803",11207,2020-09-05,1892
"804",11208,2020-09-05,1701
"805",11209,2020-09-05,1692
"806",11210,2020-09-05,1434
"807",11211,2020-09-05,2624
"808",11212,2020-09-05,1976
"809",11213,2020-09-05,1724
"810",11214,2020-09-05,1739
"811",11215,2020-09-05,2296
"812",11216,2020-09-05,1693
"813",11217,2020-09-05,1437
"814",11218,2020-09-05,1805
"815",11219,2020-09-05,1365
"816",11220,2020-09-05,1672
"817",11221,2020-09-05,2046
"818",11222,2020-09-05,1184
"819",11223,2020-09-05,1615
"820",11224,2020-09-05,1199
"821",11225,2020-09-05,1548
"822",11226,2020-09-05,2548
"823",11228,2020-09-05,1014
"824",11229,2020-09-05,1919
"825",11230,2020-09-05,2212
"826",11231,2020-09-05,1093
"827",11232,2020-09-05,766
"828",11233,2020-09-05,1510
"829",11234,2020-09-05,2377
"830",11235,2020-09-05,1814
"831",11236,2020-09-05,2963
"832",11237,2020-09-05,1030
"833",11238,2020-09-05,1947
"834",11239,2020-09-05,315
"835",11354,2020-09-05,1418
"836",11355,2020-09-05,1288
"837",11356,2020-09-05,450
"838",11357,2020-09-05,1115
"839",11358,2020-09-05,712
"840",11360,2020-09-05,489
"841",11361,2020-09-05,676
"842",11362,2020-09-05,456
"843",11363,2020-09-05,151
"844",11364,2020-09-05,699
"845",11365,2020-09-05,976
"846",11366,2020-09-05,318
"847",11367,2020-09-05,911
"848",11368,2020-09-05,1979
"849",11369,2020-09-05,823
"850",11370,2020-09-05,727
"851",11372,2020-09-05,1776
"852",11373,2020-09-05,2071
"853",11374,2020-09-05,1014
"854",11375,2020-09-05,1870
"855",11377,2020-09-05,2217
"856",11378,2020-09-05,863
"857",11379,2020-09-05,1090
"858",11385,2020-09-05,2079
"859",11411,2020-09-05,471
"860",11412,2020-09-05,952
"861",11413,2020-09-05,951
"862",11414,2020-09-05,593
"863",11415,2020-09-05,550
"864",11416,2020-09-05,415
"865",11417,2020-09-05,616
"866",11418,2020-09-05,701
"867",11419,2020-09-05,779
"868",11420,2020-09-05,891
"869",11421,2020-09-05,692
"870",11422,2020-09-05,803
"871",11423,2020-09-05,782
"872",11426,2020-09-05,433
"873",11427,2020-09-05,611
"874",11428,2020-09-05,443
"875",11429,2020-09-05,732
"876",11432,2020-09-05,1216
"877",11433,2020-09-05,801
"878",11434,2020-09-05,1745
"879",11435,2020-09-05,1260
"880",11436,2020-09-05,416
"881",11691,2020-09-05,2021
"882",11692,2020-09-05,677
"883",11693,2020-09-05,270
"884",11694,2020-09-05,536
"885",11697,2020-09-05,125
"886",10001,2020-09-12,722
"887",10002,2020-09-12,1994
"888",10003,2020-09-12,4226
"889",10004,2020-09-12,97
"890",10005,2020-09-12,240
"891",10006,2020-09-12,94
"892",10007,2020-09-12,245
"893",10009,2020-09-12,2173
"894",10010,2020-09-12,1301
"895",10011,2020-09-12,1922
"896",10012,2020-09-12,950
"897",10013,2020-09-12,1327
"898",10014,2020-09-12,1192
"899",10016,2020-09-12,1576
"900",10017,2020-09-12,388
"901",10018,2020-09-12,210
"902",10019,2020-09-12,1298
"903",10021,2020-09-12,1620
"904",10022,2020-09-12,858
"905",10023,2020-09-12,1684
"906",10024,2020-09-12,2196
"907",10025,2020-09-12,4590
"908",10026,2020-09-12,952
"909",10027,2020-09-12,2199
"910",10028,2020-09-12,1222
"911",10029,2020-09-12,1916
"912",10030,2020-09-12,700
"913",10031,2020-09-12,1280
"914",10032,2020-09-12,1299
"915",10033,2020-09-12,1201
"916",10034,2020-09-12,824
"917",10035,2020-09-12,1170
"918",10036,2020-09-12,864
"919",10037,2020-09-12,506
"920",10038,2020-09-12,546
"921",10039,2020-09-12,520
"922",10040,2020-09-12,1551
"923",10044,2020-09-12,528
"924",10065,2020-09-12,1079
"925",10069,2020-09-12,145
"926",10075,2020-09-12,825
"927",10128,2020-09-12,1663
"928",10280,2020-09-12,215
"929",10282,2020-09-12,115
"930",10301,2020-09-12,1278
"931",10302,2020-09-12,489
"932",10303,2020-09-12,668
"933",10304,2020-09-12,1086
"934",10305,2020-09-12,917
"935",10306,2020-09-12,1317
"936",10307,2020-09-12,294
"937",10308,2020-09-12,637
"938",10309,2020-09-12,751
"939",10310,2020-09-12,658
"940",10312,2020-09-12,1315
"941",10314,2020-09-12,2943
"942",10451,2020-09-12,918
"943",10452,2020-09-12,1499
"944",10453,2020-09-12,1533
"945",10454,2020-09-12,643
"946",10455,2020-09-12,782
"947",10456,2020-09-12,1997
"948",10457,2020-09-12,1314
"949",10458,2020-09-12,1550
"950",10459,2020-09-12,1061
"951",10460,2020-09-12,1091
"952",10461,2020-09-12,1146
"953",10462,2020-09-12,1621
"954",10463,2020-09-12,2237
"955",10464,2020-09-12,85
"956",10465,2020-09-12,1232
"957",10466,2020-09-12,1974
"958",10467,2020-09-12,2748
"959",10468,2020-09-12,1668
"960",10469,2020-09-12,2752
"961",10470,2020-09-12,390
"962",10471,2020-09-12,871
"963",10472,2020-09-12,1419
"964",10473,2020-09-12,1231
"965",10474,2020-09-12,211
"966",10475,2020-09-12,1375
"967",11004,2020-09-12,1000
"968",11101,2020-09-12,878
"969",11102,2020-09-12,1020
"970",11103,2020-09-12,893
"971",11104,2020-09-12,631
"972",11105,2020-09-12,857
"973",11106,2020-09-12,863
"974",11109,2020-09-12,155
"975",11201,2020-09-12,2196
"976",11203,2020-09-12,1844
"977",11204,2020-09-12,1083
"978",11205,2020-09-12,947
"979",11206,2020-09-12,1608
"980",11207,2020-09-12,1976
"981",11208,2020-09-12,1809
"982",11209,2020-09-12,1449
"983",11210,2020-09-12,1298
"984",11211,2020-09-12,2575
"985",11212,2020-09-12,1910
"986",11213,2020-09-12,1645
"987",11214,2020-09-12,1519
"988",11215,2020-09-12,1884
"989",11216,2020-09-12,1422
"990",11217,2020-09-12,1333
"991",11218,2020-09-12,1595
"992",11219,2020-09-12,1350
"993",11220,2020-09-12,1426
"994",11221,2020-09-12,1804
"995",11222,2020-09-12,1212
"996",11223,2020-09-12,1805
"997",11224,2020-09-12,1088
"998",11225,2020-09-12,1407
"999",11226,2020-09-12,2374
"1000",11228,2020-09-12,802
"1001",11229,2020-09-12,1597
"1002",11230,2020-09-12,2096
"1003",11231,2020-09-12,1111
"1004",11232,2020-09-12,627
"1005",11233,2020-09-12,1355
"1006",11234,2020-09-12,1918
"1007",11235,2020-09-12,1826
"1008",11236,2020-09-12,2612
"1009",11237,2020-09-12,1009
"1010",11238,2020-09-12,1779
"1011",11239,2020-09-12,279
"1012",11354,2020-09-12,1421
"1013",11355,2020-09-12,1470
"1014",11356,2020-09-12,389
"1015",11357,2020-09-12,988
"1016",11358,2020-09-12,777
"1017",11360,2020-09-12,421
"1018",11361,2020-09-12,734
"1019",11362,2020-09-12,351
"1020",11363,2020-09-12,153
"1021",11364,2020-09-12,636
"1022",11365,2020-09-12,924
"1023",11366,2020-09-12,291
"1024",11367,2020-09-12,740
"1025",11368,2020-09-12,1935
"1026",11369,2020-09-12,757
"1027",11370,2020-09-12,630
"1028",11372,2020-09-12,1402
"1029",11373,2020-09-12,1817
"1030",11374,2020-09-12,907
"1031",11375,2020-09-12,1559
"1032",11377,2020-09-12,1989
"1033",11378,2020-09-12,833
"1034",11379,2020-09-12,1003
"1035",11385,2020-09-12,1720
"1036",11411,2020-09-12,454
"1037",11412,2020-09-12,880
"1038",11413,2020-09-12,885
"1039",11414,2020-09-12,493
"1040",11415,2020-09-12,487
"1041",11416,2020-09-12,400
"1042",11417,2020-09-12,605
"1043",11418,2020-09-12,673
"1044",11419,2020-09-12,704
"1045",11420,2020-09-12,771
"1046",11421,2020-09-12,619
"1047",11422,2020-09-12,765
"1048",11423,2020-09-12,760
"1049",11426,2020-09-12,385
"1050",11427,2020-09-12,532
"1051",11428,2020-09-12,386
"1052",11429,2020-09-12,681
"1053",11432,2020-09-12,1100
"1054",11433,2020-09-12,760
"1055",11434,2020-09-12,1731
"1056",11435,2020-09-12,1208
"1057",11436,2020-09-12,385
"1058",11691,2020-09-12,2090
"1059",11692,2020-09-12,632
"1060",11693,2020-09-12,289
"1061",11694,2020-09-12,450
"1062",11697,2020-09-12,103
"1063",10001,2020-09-19,742
"1064",10002,2020-09-19,2143
"1065",10003,2020-09-19,4533
"1066",10004,2020-09-19,109
"1067",10005,2020-09-19,304
"1068",10006,2020-09-19,107
"1069",10007,2020-09-19,234
"1070",10009,2020-09-19,2198
"1071",10010,2020-09-19,1575
"1072",10011,2020-09-19,2227
"1073",10012,2020-09-19,1309
"1074",10013,2020-09-19,1368
"1075",10014,2020-09-19,1437
"1076",10016,2020-09-19,1852
"1077",10017,2020-09-19,508
"1078",10018,2020-09-19,280
"1079",10019,2020-09-19,1496
"1080",10021,2020-09-19,1840
"1081",10022,2020-09-19,1042
"1082",10023,2020-09-19,1897
"1083",10024,2020-09-19,2389
"1084",10025,2020-09-19,4778
"1085",10026,2020-09-19,1037
"1086",10027,2020-09-19,2146
"1087",10028,2020-09-19,1460
"1088",10029,2020-09-19,2244
"1089",10030,2020-09-19,718
"1090",10031,2020-09-19,1390
"1091",10032,2020-09-19,1357
"1092",10033,2020-09-19,1318
"1093",10034,2020-09-19,884
"1094",10035,2020-09-19,995
"1095",10036,2020-09-19,1014
"1096",10037,2020-09-19,570
"1097",10038,2020-09-19,894
"1098",10039,2020-09-19,568
"1099",10040,2020-09-19,1635
"1100",10044,2020-09-19,609
"1101",10065,2020-09-19,1266
"1102",10069,2020-09-19,163
"1103",10075,2020-09-19,915
"1104",10128,2020-09-19,1984
"1105",10280,2020-09-19,215
"1106",10282,2020-09-19,125
"1107",10301,2020-09-19,1352
"1108",10302,2020-09-19,401
"1109",10303,2020-09-19,673
"1110",10304,2020-09-19,1167
"1111",10305,2020-09-19,991
"1112",10306,2020-09-19,1373
"1113",10307,2020-09-19,277
"1114",10308,2020-09-19,590
"1115",10309,2020-09-19,698
"1116",10310,2020-09-19,579
"1117",10312,2020-09-19,1324
"1118",10314,2020-09-19,2894
"1119",10451,2020-09-19,1076
"1120",10452,2020-09-19,1609
"1121",10453,2020-09-19,1559
"1122",10454,2020-09-19,848
"1123",10455,2020-09-19,816
"1124",10456,2020-09-19,2086
"1125",10457,2020-09-19,1521
"1126",10458,2020-09-19,1964
"1127",10459,2020-09-19,1185
"1128",10460,2020-09-19,1153
"1129",10461,2020-09-19,1186
"1130",10462,2020-09-19,1716
"1131",10463,2020-09-19,2496
"1132",10464,2020-09-19,121
"1133",10465,2020-09-19,1264
"1134",10466,2020-09-19,2070
"1135",10467,2020-09-19,2845
"1136",10468,2020-09-19,1760
"1137",10469,2020-09-19,2737
"1138",10470,2020-09-19,380
"1139",10471,2020-09-19,1064
"1140",10472,2020-09-19,1364
"1141",10473,2020-09-19,1269
"1142",10474,2020-09-19,229
"1143",10475,2020-09-19,1399
"1144",11004,2020-09-19,1133
"1145",11101,2020-09-19,989
"1146",11102,2020-09-19,1084
"1147",11103,2020-09-19,990
"1148",11104,2020-09-19,721
"1149",11105,2020-09-19,836
"1150",11106,2020-09-19,995
"1151",11109,2020-09-19,170
"1152",11201,2020-09-19,2509
"1153",11203,2020-09-19,1803
"1154",11204,2020-09-19,1046
"1155",11205,2020-09-19,1074
"1156",11206,2020-09-19,1852
"1157",11207,2020-09-19,2232
"1158",11208,2020-09-19,1727
"1159",11209,2020-09-19,1420
"1160",11210,2020-09-19,1345
"1161",11211,2020-09-19,2895
"1162",11212,2020-09-19,1890
"1163",11213,2020-09-19,1845
"1164",11214,2020-09-19,1777
"1165",11215,2020-09-19,2167
"1166",11216,2020-09-19,1661
"1167",11217,2020-09-19,1579
"1168",11218,2020-09-19,1752
"1169",11219,2020-09-19,1475
"1170",11220,2020-09-19,1465
"1171",11221,2020-09-19,1965
"1172",11222,2020-09-19,1436
"1173",11223,2020-09-19,2318
"1174",11224,2020-09-19,1098
"1175",11225,2020-09-19,1665
"1176",11226,2020-09-19,2581
"1177",11228,2020-09-19,828
"1178",11229,2020-09-19,1779
"1179",11230,2020-09-19,2434
"1180",11231,2020-09-19,1183
"1181",11232,2020-09-19,640
"1182",11233,2020-09-19,1533
"1183",11234,2020-09-19,1917
"1184",11235,2020-09-19,1951
"1185",11236,2020-09-19,2686
"1186",11237,2020-09-19,1144
"1187",11238,2020-09-19,2092
"1188",11239,2020-09-19,341
"1189",11354,2020-09-19,1627
"1190",11355,2020-09-19,1405
"1191",11356,2020-09-19,487
"1192",11357,2020-09-19,906
"1193",11358,2020-09-19,708
"1194",11360,2020-09-19,402
"1195",11361,2020-09-19,615
"1196",11362,2020-09-19,337
"1197",11363,2020-09-19,146
"1198",11364,2020-09-19,665
"1199",11365,2020-09-19,896
"1200",11366,2020-09-19,304
"1201",11367,2020-09-19,864
"1202",11368,2020-09-19,1985
"1203",11369,2020-09-19,786
"1204",11370,2020-09-19,686
"1205",11372,2020-09-19,1371
"1206",11373,2020-09-19,1946
"1207",11374,2020-09-19,923
"1208",11375,2020-09-19,1718
"1209",11377,2020-09-19,2035
"1210",11378,2020-09-19,769
"1211",11379,2020-09-19,999
"1212",11385,2020-09-19,1796
"1213",11411,2020-09-19,476
"1214",11412,2020-09-19,907
"1215",11413,2020-09-19,921
"1216",11414,2020-09-19,538
"1217",11415,2020-09-19,468
"1218",11416,2020-09-19,418
"1219",11417,2020-09-19,600
"1220",11418,2020-09-19,699
"1221",11419,2020-09-19,788
"1222",11420,2020-09-19,771
"1223",11421,2020-09-19,588
"1224",11422,2020-09-19,756
"1225",11423,2020-09-19,757
"1226",11426,2020-09-19,403
"1227",11427,2020-09-19,537
"1228",11428,2020-09-19,406
"1229",11429,2020-09-19,738
"1230",11432,2020-09-19,1279
"1231",11433,2020-09-19,663
"1232",11434,2020-09-19,1760
"1233",11435,2020-09-19,1221
"1234",11436,2020-09-19,384
"1235",11691,2020-09-19,2361
"1236",11692,2020-09-19,746
"1237",11693,2020-09-19,269
"1238",11694,2020-09-19,561
"1239",11697,2020-09-19,93
"1240",10001,2020-09-26,721
"1241",10002,2020-09-26,2150
"1242",10003,2020-09-26,4397
"1243",10004,2020-09-26,115
"1244",10005,2020-09-26,264
"1245",10006,2020-09-26,87
"1246",10007,2020-09-26,261
"1247",10009,2020-09-26,2430
"1248",10010,2020-09-26,1704
"1249",10011,2020-09-26,2161
"1250",10012,2020-09-26,1303
"1251",10013,2020-09-26,1195
"1252",10014,2020-09-26,1417
"1253",10016,2020-09-26,1944
"1254",10017,2020-09-26,474
"1255",10018,2020-09-26,236
"1256",10019,2020-09-26,1550
"1257",10021,2020-09-26,1700
"1258",10022,2020-09-26,975
"1259",10023,2020-09-26,1859
"1260",10024,2020-09-26,2406
"1261",10025,2020-09-26,4638
"1262",10026,2020-09-26,1029
"1263",10027,2020-09-26,2133
"1264",10028,2020-09-26,1458
"1265",10029,2020-09-26,2229
"1266",10030,2020-09-26,741
"1267",10031,2020-09-26,1358
"1268",10032,2020-09-26,1393
"1269",10033,2020-09-26,1423
"1270",10034,2020-09-26,872
"1271",10035,2020-09-26,1043
"1272",10036,2020-09-26,946
"1273",10037,2020-09-26,529
"1274",10038,2020-09-26,716
"1275",10039,2020-09-26,580
"1276",10040,2020-09-26,1678
"1277",10044,2020-09-26,580
"1278",10065,2020-09-26,1142
"1279",10069,2020-09-26,175
"1280",10075,2020-09-26,898
"1281",10128,2020-09-26,1954
"1282",10280,2020-09-26,237
"1283",10282,2020-09-26,134
"1284",10301,2020-09-26,1429
"1285",10302,2020-09-26,459
"1286",10303,2020-09-26,702
"1287",10304,2020-09-26,1125
"1288",10305,2020-09-26,1002
"1289",10306,2020-09-26,1617
"1290",10307,2020-09-26,330
"1291",10308,2020-09-26,598
"1292",10309,2020-09-26,739
"1293",10310,2020-09-26,651
"1294",10312,2020-09-26,1406
"1295",10314,2020-09-26,3074
"1296",10451,2020-09-26,1063
"1297",10452,2020-09-26,1515
"1298",10453,2020-09-26,1577
"1299",10454,2020-09-26,751
"1300",10455,2020-09-26,824
"1301",10456,2020-09-26,1947
"1302",10457,2020-09-26,1446
"1303",10458,2020-09-26,1888
"1304",10459,2020-09-26,1216
"1305",10460,2020-09-26,1122
"1306",10461,2020-09-26,1181
"1307",10462,2020-09-26,1668
"1308",10463,2020-09-26,2371
"1309",10464,2020-09-26,110
"1310",10465,2020-09-26,1246
"1311",10466,2020-09-26,2125
"1312",10467,2020-09-26,2936
"1313",10468,2020-09-26,1802
"1314",10469,2020-09-26,2835
"1315",10470,2020-09-26,364
"1316",10471,2020-09-26,1108
"1317",10472,2020-09-26,1198
"1318",10473,2020-09-26,1394
"1319",10474,2020-09-26,183
"1320",10475,2020-09-26,1391
"1321",11004,2020-09-26,1110
"1322",11101,2020-09-26,1042
"1323",11102,2020-09-26,1171
"1324",11103,2020-09-26,1064
"1325",11104,2020-09-26,714
"1326",11105,2020-09-26,948
"1327",11106,2020-09-26,1049
"1328",11109,2020-09-26,204
"1329",11201,2020-09-26,2909
"1330",11203,2020-09-26,2080
"1331",11204,2020-09-26,1157
"1332",11205,2020-09-26,1115
"1333",11206,2020-09-26,1924
"1334",11207,2020-09-26,2211
"1335",11208,2020-09-26,1719
"1336",11209,2020-09-26,1535
"1337",11210,2020-09-26,1426
"1338",11211,2020-09-26,3171
"1339",11212,2020-09-26,1744
"1340",11213,2020-09-26,1696
"1341",11214,2020-09-26,1702
"1342",11215,2020-09-26,2401
"1343",11216,2020-09-26,1775
"1344",11217,2020-09-26,1638
"1345",11218,2020-09-26,1849
"1346",11219,2020-09-26,1507
"1347",11220,2020-09-26,1510
"1348",11221,2020-09-26,2070
"1349",11222,2020-09-26,1563
"1350",11223,2020-09-26,2257
"1351",11224,2020-09-26,1176
"1352",11225,2020-09-26,1624
"1353",11226,2020-09-26,2665
"1354",11228,2020-09-26,908
"1355",11229,2020-09-26,1944
"1356",11230,2020-09-26,2310
"1357",11231,2020-09-26,1177
"1358",11232,2020-09-26,644
"1359",11233,2020-09-26,1559
"1360",11234,2020-09-26,1963
"1361",11235,2020-09-26,1978
"1362",11236,2020-09-26,2873
"1363",11237,2020-09-26,1193
"1364",11238,2020-09-26,2075
"1365",11239,2020-09-26,288
"1366",11354,2020-09-26,1753
"1367",11355,2020-09-26,1436
"1368",11356,2020-09-26,417
"1369",11357,2020-09-26,1015
"1370",11358,2020-09-26,691
"1371",11360,2020-09-26,431
"1372",11361,2020-09-26,663
"1373",11362,2020-09-26,372
"1374",11363,2020-09-26,133
"1375",11364,2020-09-26,599
"1376",11365,2020-09-26,824
"1377",11366,2020-09-26,320
"1378",11367,2020-09-26,836
"1379",11368,2020-09-26,1934
"1380",11369,2020-09-26,860
"1381",11370,2020-09-26,592
"1382",11372,2020-09-26,1509
"1383",11373,2020-09-26,2121
"1384",11374,2020-09-26,980
"1385",11375,2020-09-26,1689
"1386",11377,2020-09-26,2212
"1387",11378,2020-09-26,781
"1388",11379,2020-09-26,1011
"1389",11385,2020-09-26,1940
"1390",11411,2020-09-26,467
"1391",11412,2020-09-26,869
"1392",11413,2020-09-26,909
"1393",11414,2020-09-26,637
"1394",11415,2020-09-26,519
"1395",11416,2020-09-26,518
"1396",11417,2020-09-26,655
"1397",11418,2020-09-26,654
"1398",11419,2020-09-26,773
"1399",11420,2020-09-26,859
"1400",11421,2020-09-26,678
"1401",11422,2020-09-26,752
"1402",11423,2020-09-26,768
"1403",11426,2020-09-26,411
"1404",11427,2020-09-26,555
"1405",11428,2020-09-26,388
"1406",11429,2020-09-26,705
"1407",11432,2020-09-26,1384
"1408",11433,2020-09-26,721
"1409",11434,2020-09-26,1820
"1410",11435,2020-09-26,1135
"1411",11436,2020-09-26,354
"1412",11691,2020-09-26,2379
"1413",11692,2020-09-26,699
"1414",11693,2020-09-26,293
"1415",11694,2020-09-26,485
"1416",11697,2020-09-26,98
"1417",10001,2020-10-03,826
"1418",10002,2020-10-03,2111
"1419",10003,2020-10-03,2434
"1420",10004,2020-10-03,116
"1421",10005,2020-10-03,290
"1422",10006,2020-10-03,121
"1423",10007,2020-10-03,287
"1424",10009,2020-10-03,1935
"1425",10010,2020-10-03,1569
"1426",10011,2020-10-03,2192
"1427",10012,2020-10-03,961
"1428",10013,2020-10-03,1096
"1429",10014,2020-10-03,1325
"1430",10016,2020-10-03,2004
"1431",10017,2020-10-03,488
"1432",10018,2020-10-03,274
"1433",10019,2020-10-03,1487
"1434",10021,2020-10-03,1854
"1435",10022,2020-10-03,1058
"1436",10023,2020-10-03,2073
"1437",10024,2020-10-03,2782
"1438",10025,2020-10-03,5297
"1439",10026,2020-10-03,1147
"1440",10027,2020-10-03,2452
"1441",10028,2020-10-03,1671
"1442",10029,2020-10-03,2375
"1443",10030,2020-10-03,796
"1444",10031,2020-10-03,1512
"1445",10032,2020-10-03,1652
"1446",10033,2020-10-03,1515
"1447",10034,2020-10-03,935
"1448",10035,2020-10-03,1050
"1449",10036,2020-10-03,1022
"1450",10037,2020-10-03,592
"1451",10038,2020-10-03,652
"1452",10039,2020-10-03,578
"1453",10040,2020-10-03,1331
"1454",10044,2020-10-03,585
"1455",10065,2020-10-03,1317
"1456",10069,2020-10-03,212
"1457",10075,2020-10-03,1011
"1458",10128,2020-10-03,2180
"1459",10280,2020-10-03,232
"1460",10282,2020-10-03,178
"1461",10301,2020-10-03,1313
"1462",10302,2020-10-03,475
"1463",10303,2020-10-03,740
"1464",10304,2020-10-03,1357
"1465",10305,2020-10-03,1078
"1466",10306,2020-10-03,1709
"1467",10307,2020-10-03,356
"1468",10308,2020-10-03,656
"1469",10309,2020-10-03,829
"1470",10310,2020-10-03,713
"1471",10312,2020-10-03,1446
"1472",10314,2020-10-03,3269
"1473",10451,2020-10-03,1102
"1474",10452,2020-10-03,1580
"1475",10453,2020-10-03,1509
"1476",10454,2020-10-03,752
"1477",10455,2020-10-03,736
"1478",10456,2020-10-03,2180
"1479",10457,2020-10-03,1386
"1480",10458,2020-10-03,1583
"1481",10459,2020-10-03,1216
"1482",10460,2020-10-03,1111
"1483",10461,2020-10-03,1212
"1484",10462,2020-10-03,1725
"1485",10463,2020-10-03,2551
"1486",10464,2020-10-03,102
"1487",10465,2020-10-03,1218
"1488",10466,2020-10-03,1932
"1489",10467,2020-10-03,3042
"1490",10468,2020-10-03,1761
"1491",10469,2020-10-03,2776
"1492",10470,2020-10-03,373
"1493",10471,2020-10-03,901
"1494",10472,2020-10-03,1229
"1495",10473,2020-10-03,1189
"1496",10474,2020-10-03,190
"1497",10475,2020-10-03,1347
"1498",11004,2020-10-03,1116
"1499",11101,2020-10-03,981
"1500",11102,2020-10-03,1250
"1501",11103,2020-10-03,1122
"1502",11104,2020-10-03,748
"1503",11105,2020-10-03,1038
"1504",11106,2020-10-03,1112
"1505",11109,2020-10-03,203
"1506",11201,2020-10-03,2976
"1507",11203,2020-10-03,2017
"1508",11204,2020-10-03,1363
"1509",11205,2020-10-03,1432
"1510",11206,2020-10-03,2267
"1511",11207,2020-10-03,2263
"1512",11208,2020-10-03,1726
"1513",11209,2020-10-03,1725
"1514",11210,2020-10-03,1519
"1515",11211,2020-10-03,3523
"1516",11212,2020-10-03,1912
"1517",11213,2020-10-03,1643
"1518",11214,2020-10-03,1836
"1519",11215,2020-10-03,2605
"1520",11216,2020-10-03,1813
"1521",11217,2020-10-03,1706
"1522",11218,2020-10-03,2158
"1523",11219,2020-10-03,2338
"1524",11220,2020-10-03,1808
"1525",11221,2020-10-03,2192
"1526",11222,2020-10-03,1607
"1527",11223,2020-10-03,2156
"1528",11224,2020-10-03,1230
"1529",11225,2020-10-03,1551
"1530",11226,2020-10-03,2590
"1531",11228,2020-10-03,1063
"1532",11229,2020-10-03,1978
"1533",11230,2020-10-03,2805
"1534",11231,2020-10-03,1440
"1535",11232,2020-10-03,758
"1536",11233,2020-10-03,1532
"1537",11234,2020-10-03,2190
"1538",11235,2020-10-03,1932
"1539",11236,2020-10-03,2996
"1540",11237,2020-10-03,1181
"1541",11238,2020-10-03,2281
"1542",11239,2020-10-03,332
"1543",11354,2020-10-03,1671
"1544",11355,2020-10-03,1462
"1545",11356,2020-10-03,481
"1546",11357,2020-10-03,1005
"1547",11358,2020-10-03,746
"1548",11360,2020-10-03,470
"1549",11361,2020-10-03,717
"1550",11362,2020-10-03,444
"1551",11363,2020-10-03,169
"1552",11364,2020-10-03,667
"1553",11365,2020-10-03,902
"1554",11366,2020-10-03,307
"1555",11367,2020-10-03,920
"1556",11368,2020-10-03,2033
"1557",11369,2020-10-03,793
"1558",11370,2020-10-03,645
"1559",11372,2020-10-03,1840
"1560",11373,2020-10-03,2108
"1561",11374,2020-10-03,1141
"1562",11375,2020-10-03,1952
"1563",11377,2020-10-03,2244
"1564",11378,2020-10-03,868
"1565",11379,2020-10-03,1049
"1566",11385,2020-10-03,2064
"1567",11411,2020-10-03,490
"1568",11412,2020-10-03,953
"1569",11413,2020-10-03,932
"1570",11414,2020-10-03,668
"1571",11415,2020-10-03,713
"1572",11416,2020-10-03,506
"1573",11417,2020-10-03,675
"1574",11418,2020-10-03,902
"1575",11419,2020-10-03,873
"1576",11420,2020-10-03,862
"1577",11421,2020-10-03,722
"1578",11422,2020-10-03,794
"1579",11423,2020-10-03,781
"1580",11426,2020-10-03,446
"1581",11427,2020-10-03,642
"1582",11428,2020-10-03,476
"1583",11429,2020-10-03,764
"1584",11432,2020-10-03,1507
"1585",11433,2020-10-03,741
"1586",11434,2020-10-03,1699
"1587",11435,2020-10-03,1174
"1588",11436,2020-10-03,441
"1589",11691,2020-10-03,2524
"1590",11692,2020-10-03,647
"1591",11693,2020-10-03,331
"1592",11694,2020-10-03,638
"1593",11697,2020-10-03,111
